ID,age,has_spouse,gross_salary,has_student_loan,student_loan_amount,has_general_loan,general_loan_amount,has_alimony,alimony_amount
1,37,true,191453,false,0,false,0,,0
2,56,true,82586,false,0,false,0,,0
3,66,false,151688,true,55815,true,8901,false,0
4,56,true,107499,false,0,true,9727,false,0
5,82,true,31355,true,30629,false,0,,0
6,75,false,114946,false,0,true,7624,true,1657.6040306146
7,59,true,193937,false,0,false,0,,0
8,57,true,108115,false,0,false,0,true,515.4660384942
9,19,false,168304,false,0,true,3907,false,0
10,72,false,137758,false,0,false,0,true,497.8048837328
11,56,true,156277,true,34279,false,0,,0
12,25,false,119447,true,28002,false,0,false,0
13,52,false,111993,false,0,true,6882,,0
14,83,true,123917,false,0,true,53,,0
15,79,true,133414,true,20694,true,4322,true,301.6947676575
16,61,false,96027,false,0,true,6998,,0
17,79,false,102618,true,24094,false,0,true,953.3290723155
18,37,true,145157,true,18131,true,1189,,0
19,72,true,157846,false,0,false,0,,0
20,78,true,174121,false,0,false,0,,0
21,70,false,79789,false,0,true,1756,,0
22,41,true,108438,true,69231,true,100,false,0
23,53,true,133495,true,60835,true,2984,,0
24,34,true,26793,false,0,true,5173,,0
25,48,false,53512,false,0,false,0,,0
26,46,true,25645,true,67930,true,2581,false,0
27,38,false,44589,true,10106,false,0,false,0
28,46,true,128997,true,69676,true,2447,false,0
29,76,true,191072,false,0,true,9206,,0
30,19,true,75892,false,0,true,7655,,0
31,39,true,51706,true,58064,false,0,,0
32,62,false,39123,true,3082,false,0,,0
33,23,false,168217,false,0,false,0,true,839.7863137737
34,81,false,145052,false,0,false,0,,0
35,43,false,172033,true,32115,false,0,,0
36,36,true,146933,true,28917,false,0,,0
37,60,true,170785,false,0,false,0,true,2630.2715222574
38,26,false,83742,false,0,true,9397,,0
39,45,true,184496,false,0,false,0,true,1759.8557502552
40,73,false,27101,false,0,true,8910,,0
41,52,false,58534,false,0,true,3474,,0
42,23,true,166889,true,1200,false,0,,0
43,66,false,127900,false,0,true,856,,0
44,85,true,159289,false,0,true,6799,,0
45,58,false,48363,false,0,false,0,,0
46,77,false,161371,true,1754,false,0,,0
47,69,false,163712,false,0,false,0,,0
48,64,true,54044,false,0,false,0,false,0
49,54,true,133169,false,0,false,0,true,1379.5297274266
50,76,true,147480,true,44604,true,3784,,0
51,68,false,120185,false,0,true,6950,,0
52,54,false,142354,false,0,false,0,,0
53,18,true,27527,true,21720,false,0,false,0
54,34,false,99758,true,31247,true,6620,,0
55,68,false,125018,false,0,false,0,,0
56,43,true,88497,true,40298,false,0,,0
57,44,true,189333,true,59613,true,4169,,0
58,76,true,108575,false,0,false,0,,0
59,54,false,194464,false,0,false,0,,0
60,58,false,171173,true,65442,true,348,,0
61,58,true,116812,false,0,false,0,true,1743.7738168197
62,79,false,42706,true,14667,true,9702,,0
63,71,false,197611,true,4961,false,0,,0
64,56,true,34697,false,0,true,6863,,0
65,62,false,37042,true,36202,true,4911,false,0
66,80,false,120174,true,33369,true,3417,,0
67,32,true,174375,true,37382,false,0,,0
68,23,false,76772,false,0,true,7289,,0
69,23,true,125193,true,1558,false,0,,0
70,73,false,126403,false,0,true,8884,false,0
71,63,false,167254,true,50962,true,4408,,0
72,48,true,113221,true,12042,false,0,,0
73,21,true,164930,false,0,true,9291,,0
74,32,true,44853,true,56408,false,0,,0
75,80,true,143457,true,17146,true,6696,true,2265.2717731433
76,25,true,86159,false,0,true,1895,,0
77,45,false,67978,true,52307,false,0,false,0
78,39,true,175593,false,0,true,7627,true,2568.1208387969
79,36,false,196328,true,31926,false,0,true,2694.1136302158
80,57,false,167119,true,69068,false,0,,0
81,40,false,95751,true,6582,true,3,,0
82,51,true,118796,false,0,false,0,,0
83,48,true,23999,false,0,false,0,,0
84,25,false,28656,true,39207,false,0,true,169.2919817883
85,25,false,65783,false,0,true,2236,,0
86,26,false,36564,true,44706,true,9099,true,696.2673934773
87,84,false,142896,true,32525,true,9847,,0
88,58,true,195218,true,13472,true,3931,,0
89,64,true,195048,true,42332,true,2015,false,0
90,74,false,197671,false,0,true,4680,,0
91,57,true,76401,false,0,true,8535,,0
92,74,true,135078,false,0,true,7885,false,0
93,31,false,184614,false,0,false,0,false,0
94,41,false,111475,true,18376,true,2138,,0
95,61,false,89622,true,32209,true,9056,,0
96,28,false,121063,true,49106,true,7321,,0
97,79,false,85636,true,38338,true,2284,,0
98,32,false,145444,true,66966,true,7687,,0
99,74,false,193301,false,0,false,0,,0
100,83,true,56045,true,16272,false,0,true,1046.3397716188
101,32,false,66940,true,41515,true,7766,,0
102,73,false,151639,true,46789,false,0,,0
103,27,false,104699,false,0,false,0,,0
104,40,false,131302,true,47638,true,2981,true,774.7078322219
105,41,true,102773,false,0,true,1314,,0
106,18,true,75526,false,0,true,9288,,0
107,68,true,88041,true,67137,true,4705,false,0
108,25,false,99072,false,0,true,6500,,0
109,50,true,144850,true,40530,false,0,true,834.3852136865
110,71,false,51404,true,34826,false,0,,0
111,31,false,162353,false,0,true,5172,,0
112,21,false,104246,false,0,false,0,,0
113,24,true,199263,true,43486,false,0,false,0
114,60,false,176804,true,55950,false,0,,0
115,59,true,182551,true,12834,false,0,true,2521.9588861105
116,70,false,187084,true,69903,false,0,,0
117,76,false,66482,false,0,true,4018,,0
118,36,false,166307,false,0,false,0,,0
119,32,true,195783,true,69906,false,0,,0
120,80,true,119502,true,12288,false,0,,0
121,66,true,125690,true,42702,true,8720,,0
122,28,false,33170,true,9028,true,831,,0
123,33,true,117538,true,10754,true,5001,,0
124,79,false,32122,false,0,false,0,,0
125,47,true,40164,false,0,true,8833,true,848.482906277
126,55,false,56697,true,27065,true,9672,,0
127,21,true,137304,false,0,true,6202,,0
128,76,false,137664,true,49467,false,0,,0
129,43,false,44446,false,0,false,0,,0
130,30,false,95607,true,44246,false,0,false,0
131,46,false,112083,false,0,true,4850,,0
132,31,false,133903,true,48898,false,0,true,2936.0462045912
133,62,false,92158,false,0,true,9190,,0
134,53,true,150634,true,6101,true,9064,false,0
135,37,true,138632,true,67198,true,2606,,0
136,61,true,192520,true,57159,false,0,,0
137,73,true,192527,true,38783,false,0,,0
138,56,false,185070,false,0,false,0,true,3572.6129939189
139,66,false,53690,true,45523,false,0,,0
140,24,true,187678,true,2934,true,8575,,0
141,43,true,20631,false,0,true,5142,,0
142,35,false,165815,true,19520,true,5265,,0
143,79,true,136004,false,0,false,0,,0
144,54,true,137799,false,0,false,0,,0
145,44,false,159990,false,0,false,0,,0
146,33,true,36711,false,0,true,5433,false,0
147,29,false,115354,true,51249,false,0,,0
148,66,true,56138,true,1349,false,0,,0
149,57,true,160242,true,24228,true,6023,,0
150,30,true,98927,true,5615,true,1205,,0
151,53,false,25663,true,26056,false,0,,0
152,38,true,155604,true,3192,true,7235,true,2105.7541056109
153,18,false,134600,false,0,true,5314,true,1199.9869439506
154,49,false,161494,false,0,true,9387,,0
155,40,false,186550,true,62693,true,383,,0
156,32,true,94041,false,0,true,205,,0
157,69,true,83081,false,0,true,7658,false,0
158,55,true,97447,false,0,false,0,,0
159,45,true,52653,true,41298,false,0,,0
160,35,false,30571,true,14009,false,0,,0
161,20,true,155510,false,0,false,0,true,3568.9590310583
162,51,false,117293,true,62074,true,3299,,0
163,81,true,183814,false,0,false,0,false,0
164,38,false,147310,true,52387,false,0,,0
165,21,true,101371,true,4658,true,6576,,0
166,56,true,95899,true,37720,true,4944,false,0
167,45,false,96770,true,21226,false,0,,0
168,30,true,30092,true,48805,true,1345,,0
169,85,false,177491,false,0,false,0,,0
170,58,true,177095,false,0,true,8370,,0
171,68,true,136043,false,0,false,0,,0
172,20,true,117396,true,13172,false,0,,0
173,78,true,177506,false,0,true,4374,true,3681.6741890384
174,56,true,75203,false,0,false,0,,0
175,28,true,128223,false,0,true,4693,,0
176,32,true,187904,false,0,false,0,false,0
177,71,false,135186,true,43369,false,0,,0
178,35,true,71345,false,0,false,0,false,0
179,24,true,86893,true,45826,false,0,,0
180,21,false,160227,true,58137,true,2660,,0
181,75,false,183904,true,61794,true,2241,,0
182,58,false,87762,false,0,true,5772,true,803.1025898423
183,78,false,74302,false,0,true,5594,,0
184,46,false,98968,true,15151,true,4657,false,0
185,61,true,101526,false,0,true,9732,false,0
186,54,true,43711,true,25604,false,0,,0
187,31,false,71422,true,2603,false,0,,0
188,79,true,27030,false,0,true,1232,,0
189,71,true,35419,true,11027,true,4692,,0
190,24,true,81180,false,0,false,0,,0
191,62,false,116074,false,0,false,0,false,0
192,42,true,98088,true,16419,true,2191,false,0
193,56,true,170660,false,0,false,0,true,3664.3551802983
194,76,false,101378,true,9362,true,741,,0
195,53,true,85899,false,0,false,0,false,0
196,47,true,85719,false,0,true,3519,,0
197,62,false,106021,true,15049,true,4108,false,0
198,43,true,28253,false,0,false,0,,0
199,74,true,196516,false,0,true,4722,false,0
200,53,true,24986,true,7669,false,0,,0
201,28,false,69394,false,0,true,9081,,0
202,52,true,56709,false,0,false,0,false,0
203,34,false,58154,false,0,true,5596,,0
204,54,false,148173,true,7517,false,0,,0
205,44,true,136387,false,0,false,0,,0
206,33,false,24044,false,0,false,0,,0
207,82,false,194333,false,0,false,0,false,0
208,23,true,34122,true,23303,true,7609,,0
209,80,true,182224,true,16215,false,0,false,0
210,39,false,29414,true,52738,false,0,,0
211,18,true,144798,true,26010,true,1815,,0
212,21,false,102893,false,0,false,0,true,1202.2472238301
213,77,true,162224,true,40304,false,0,,0
214,63,true,93437,false,0,true,4905,,0
215,59,true,160861,true,42214,true,1902,false,0
216,22,false,135151,false,0,false,0,,0
217,26,false,25861,true,3513,false,0,true,18.7282250992
218,68,false,108787,true,11818,true,5405,,0
219,27,true,184188,true,48315,true,430,,0
220,37,true,115762,true,50338,true,3705,true,1794.0152119158
221,56,false,95081,true,66824,true,6384,,0
222,61,false,114323,false,0,false,0,,0
223,63,false,38937,false,0,true,7847,,0
224,74,true,186574,false,0,true,5145,true,3979.3525211893
225,28,true,40508,true,50634,false,0,false,0
226,55,false,193430,true,33076,false,0,,0
227,85,true,183400,true,18663,true,3741,,0
228,21,true,40763,true,31351,false,0,,0
229,29,true,32149,false,0,true,7378,,0
230,71,false,52692,true,35020,false,0,,0
231,35,true,99870,false,0,true,3247,,0
232,53,false,64357,true,59743,false,0,,0
233,30,false,63405,false,0,false,0,true,1009.2699274421
234,48,true,47339,false,0,true,9509,,0
235,41,true,170407,false,0,false,0,,0
236,41,false,25508,true,2683,true,1120,,0
237,85,false,146360,false,0,true,5826,,0
238,28,true,41362,false,0,false,0,false,0
239,59,true,128689,false,0,false,0,,0
240,52,true,189095,false,0,true,6687,,0
241,76,true,21274,true,49633,true,980,,0
242,53,true,47294,true,66307,false,0,,0
243,63,true,95397,true,46157,true,9708,,0
244,33,true,154272,false,0,false,0,,0
245,79,true,107651,false,0,false,0,,0
246,42,true,191155,false,0,false,0,,0
247,75,true,193526,true,28085,true,3414,,0
248,19,true,26692,true,54844,false,0,,0
249,25,true,66367,true,18674,true,1634,false,0
250,61,false,42650,true,61882,false,0,,0
251,65,false,172563,false,0,false,0,,0
252,23,true,127822,true,8947,true,3366,true,1460.9912030244
253,56,true,89207,false,0,true,1170,,0
254,70,true,35067,false,0,true,9689,,0
255,22,false,45121,false,0,true,5512,,0
256,83,true,23932,false,0,false,0,,0
257,50,true,148105,true,64274,true,6782,,0
258,79,true,60564,true,40692,true,2275,,0
259,53,false,55686,true,7722,false,0,,0
260,21,false,190929,false,0,false,0,false,0
261,22,false,80318,false,0,true,1187,,0
262,38,true,83603,true,60657,false,0,false,0
263,24,true,78707,true,28970,false,0,,0
264,75,false,151491,true,13638,false,0,false,0
265,71,true,64586,true,1767,false,0,,0
266,66,true,109813,false,0,false,0,,0
267,19,true,160809,true,64538,true,4375,true,2390.3318473938
268,31,true,89925,true,24860,false,0,false,0
269,49,false,146185,true,32949,false,0,,0
270,46,true,55998,true,45150,true,9110,false,0
271,23,false,75481,false,0,false,0,false,0
272,52,true,120863,true,29208,false,0,true,1093.4289843737
273,25,true,115831,false,0,true,2833,,0
274,56,true,162944,true,2539,true,6832,,0
275,53,false,187301,false,0,false,0,false,0
276,57,false,125407,true,29424,true,2962,,0
277,62,true,73113,false,0,true,6085,,0
278,66,false,118156,false,0,true,1746,,0
279,42,false,84484,false,0,false,0,,0
280,74,false,189143,true,63739,true,5346,,0
281,34,false,190765,false,0,false,0,,0
282,28,false,54363,true,30487,true,2330,,0
283,59,true,180636,false,0,false,0,false,0
284,61,false,186243,false,0,true,2284,true,3079.1644603409
285,66,true,35224,false,0,true,1367,,0
286,75,true,161156,true,21053,false,0,,0
287,22,false,185515,false,0,true,613,,0
288,41,true,20989,true,7493,true,3837,,0
289,35,false,150785,true,49466,true,9597,,0
290,18,true,44530,false,0,false,0,,0
291,83,false,66250,true,3,true,4975,,0
292,71,false,191914,true,26946,false,0,,0
293,56,false,69465,true,51362,true,5585,,0
294,83,true,95041,true,64869,false,0,,0
295,57,true,22782,true,66702,true,6108,,0
296,75,true,133360,false,0,true,1724,,0
297,55,false,57718,true,38298,false,0,,0
298,28,true,101228,true,54708,false,0,true,1036.232913684
299,61,false,58457,false,0,false,0,true,184.202473425
300,30,false,73836,false,0,false,0,true,74.7583740359
301,70,false,143782,false,0,true,6705,false,0
302,79,true,115327,true,10313,false,0,,0
303,28,true,135006,false,0,false,0,,0
304,69,true,89128,true,29308,false,0,,0
305,60,false,66029,false,0,false,0,,0
306,19,false,97033,false,0,true,3250,,0
307,60,true,158797,true,57251,true,8244,,0
308,70,true,177816,false,0,true,7456,true,943.9926201072
309,49,true,56030,false,0,false,0,,0
310,59,false,104394,true,49954,false,0,,0
311,35,false,78078,false,0,false,0,true,535.8537407212
312,78,true,51492,true,33533,true,491,,0
313,33,true,53435,true,21141,false,0,,0
314,71,true,31753,false,0,false,0,,0
315,48,false,66003,false,0,false,0,,0
316,26,false,161629,true,22476,true,6515,,0
317,65,false,162604,true,8573,false,0,,0
318,44,false,146742,false,0,false,0,,0
319,82,true,185096,false,0,true,845,,0
320,61,false,192797,true,22231,true,1312,,0
321,26,false,49792,false,0,true,6836,,0
322,52,false,25222,false,0,true,313,,0
323,51,false,179458,true,43505,true,789,,0
324,38,false,134878,true,14133,true,187,,0
325,82,false,103364,true,4133,false,0,false,0
326,70,false,148554,true,44726,false,0,,0
327,61,false,182698,true,67421,false,0,,0
328,42,true,118835,true,39122,true,7458,,0
329,23,true,20630,true,47092,true,6927,,0
330,21,true,126374,true,59009,false,0,,0
331,85,false,76791,true,29878,false,0,true,1415.1038758358
332,72,true,173743,false,0,false,0,,0
333,20,false,110207,false,0,true,1837,,0
334,57,true,52090,true,52166,true,3874,,0
335,45,true,97050,false,0,true,5100,,0
336,74,false,44446,true,29410,false,0,,0
337,31,true,23625,false,0,false,0,,0
338,25,true,152540,true,31714,true,276,,0
339,77,true,172093,true,21493,false,0,false,0
340,41,false,138967,false,0,true,8065,,0
341,41,false,79573,true,38131,false,0,false,0
342,30,true,22380,true,13845,false,0,,0
343,34,false,167242,false,0,true,5477,,0
344,80,true,41704,false,0,false,0,true,343.6182740542
345,38,true,46186,false,0,true,3857,,0
346,49,true,157373,false,0,false,0,,0
347,38,false,30770,false,0,false,0,,0
348,67,false,169195,false,0,false,0,,0
349,32,false,21749,true,21654,false,0,,0
350,73,false,100406,false,0,true,5389,,0
351,66,false,68928,true,48998,false,0,,0
352,51,false,81680,true,20528,true,9353,,0
353,43,true,81391,false,0,false,0,,0
354,18,true,150580,true,52758,true,8222,false,0
355,27,false,96881,true,36930,false,0,,0
356,81,true,29923,true,61281,true,131,,0
357,23,true,76647,false,0,true,7366,,0
358,62,false,154374,true,4288,true,5849,,0
359,73,true,33318,false,0,true,8195,,0
360,51,false,139975,true,67156,false,0,false,0
361,79,false,85804,true,44524,false,0,,0
362,69,true,101702,true,9434,false,0,,0
363,18,false,186763,false,0,true,1552,,0
364,66,true,196778,false,0,false,0,,0
365,64,false,110299,false,0,false,0,true,2426.7102933936
366,20,false,177918,false,0,true,6881,false,0
367,30,true,86045,false,0,false,0,false,0
368,57,false,22603,true,29016,false,0,,0
369,50,true,179575,false,0,false,0,,0
370,44,true,129493,true,53914,true,5058,,0
371,85,false,111108,true,26804,false,0,,0
372,29,true,67756,true,15531,true,7732,,0
373,33,true,192854,true,25628,false,0,,0
374,19,true,94589,false,0,true,3270,,0
375,80,false,196411,true,36160,true,1023,,0
376,60,true,166465,false,0,false,0,,0
377,84,false,154243,false,0,true,7749,,0
378,21,false,115190,true,40677,true,2039,,0
379,22,true,166151,false,0,false,0,,0
380,19,true,118247,true,31969,false,0,,0
381,65,true,32907,false,0,true,16,false,0
382,61,true,64567,false,0,false,0,false,0
383,36,false,75236,false,0,true,615,,0
384,36,true,195700,true,42505,true,3189,false,0
385,28,false,107070,true,59446,true,9004,,0
386,75,true,45475,true,25236,false,0,false,0
387,42,true,28616,true,23916,false,0,true,609.4290061855
388,37,true,167237,false,0,false,0,true,1766.7537556454
389,56,true,198580,false,0,false,0,,0
390,30,true,117435,false,0,true,5276,,0
391,46,false,122325,false,0,false,0,false,0
392,42,true,34527,false,0,true,5937,,0
393,84,true,182147,true,17435,true,385,,0
394,39,true,31658,false,0,false,0,,0
395,28,true,35674,false,0,false,0,true,528.4336942581
396,79,true,51941,false,0,true,4186,false,0
397,38,true,102428,false,0,true,236,,0
398,75,true,85244,false,0,true,3749,true,1404.5887822006
399,79,false,134727,false,0,false,0,,0
400,81,false,186627,false,0,true,5037,true,1382.8371882231
401,65,true,97610,true,42522,false,0,,0
402,57,true,119092,false,0,true,5491,,0
403,48,true,122751,false,0,true,2688,,0
404,23,true,127949,true,12454,false,0,,0
405,58,true,62170,false,0,false,0,,0
406,28,false,124192,false,0,true,5677,,0
407,47,true,84028,false,0,false,0,,0
408,45,false,86446,false,0,false,0,,0
409,46,false,94045,false,0,true,210,,0
410,63,true,199152,false,0,true,8264,false,0
411,54,false,33254,false,0,false,0,true,119.6996048536
412,23,true,114705,true,40165,false,0,,0
413,18,true,195578,false,0,false,0,,0
414,32,true,195863,true,39995,true,5395,true,3595.7667485151
415,47,false,140228,true,42346,true,8725,,0
416,47,false,80738,true,40389,false,0,true,1673.3188381895
417,85,true,94354,true,42444,true,3603,false,0
418,45,false,23228,true,34629,true,9688,,0
419,48,false,106629,false,0,true,8984,true,1702.1608581559
420,81,false,163209,true,24924,true,3031,,0
421,37,false,62466,true,42051,true,9348,false,0
422,41,true,199941,true,46125,false,0,,0
423,42,true,41458,false,0,true,1534,,0
424,46,true,157372,false,0,false,0,,0
425,30,false,178557,false,0,true,7218,,0
426,46,false,163846,true,11371,true,6900,,0
427,30,false,145269,true,51501,true,5120,,0
428,82,false,50650,true,28293,true,8299,,0
429,23,true,81614,true,21701,true,851,,0
430,26,false,50284,true,42908,false,0,,0
431,33,true,60245,false,0,false,0,,0
432,85,true,51688,true,33990,false,0,,0
433,56,true,133673,true,19143,true,3495,,0
434,50,false,140815,false,0,true,5735,,0
435,65,false,107880,true,59855,false,0,,0
436,27,true,116457,false,0,true,6466,,0
437,81,true,90226,true,52293,true,3893,,0
438,40,true,190690,false,0,false,0,,0
439,55,false,22790,true,16025,false,0,,0
440,37,true,68213,true,55156,true,1437,,0
441,24,true,84012,true,94,true,3619,,0
442,54,false,88911,false,0,true,7814,,0
443,28,true,141501,false,0,true,7619,,0
444,44,true,42121,false,0,true,8966,,0
445,29,true,160788,false,0,false,0,true,3371.909595828
446,24,false,65311,true,17181,false,0,,0
447,33,false,151203,true,8284,true,4375,true,2059.0729371523
448,65,true,185548,false,0,true,3320,,0
449,42,true,60721,false,0,true,7737,,0
450,68,false,165692,true,12655,false,0,,0
451,31,false,113876,false,0,false,0,,0
452,31,true,50662,true,33459,false,0,false,0
453,39,true,22657,false,0,false,0,,0
454,28,false,49402,false,0,false,0,,0
455,63,false,150095,true,53461,false,0,,0
456,36,false,70801,false,0,true,8407,,0
457,19,true,128157,true,51507,false,0,,0
458,64,true,198229,true,4027,true,9335,,0
459,37,true,72943,false,0,true,9028,true,399.5739612915
460,52,true,52330,false,0,true,9748,,0
461,80,true,174987,false,0,false,0,,0
462,67,false,58969,true,1772,false,0,,0
463,60,false,91279,true,44820,true,3571,,0
464,63,true,75636,true,31904,true,5478,,0
465,66,false,159338,true,27835,false,0,,0
466,81,false,129541,true,17425,true,8912,,0
467,40,false,57197,false,0,false,0,,0
468,53,false,52687,true,66819,false,0,,0
469,18,true,59116,false,0,true,7749,,0
470,60,false,71743,true,25940,true,1914,,0
471,19,true,43162,false,0,false,0,,0
472,27,true,130701,false,0,true,2818,,0
473,34,false,21243,true,6464,true,166,,0
474,31,true,149669,true,24991,false,0,,0
475,31,true,195004,true,9317,false,0,,0
476,48,true,91456,true,26680,true,614,,0
477,78,true,75366,true,69900,false,0,,0
478,61,true,167738,true,45051,false,0,,0
479,46,false,105253,true,50765,false,0,true,74.5162897822
480,26,true,44225,true,35015,true,1428,,0
481,85,false,67299,false,0,true,9857,,0
482,70,true,147865,true,6585,true,5553,true,486.3769264911
483,34,true,27073,true,46149,true,9093,,0
484,50,false,176295,true,39251,true,4075,,0
485,46,false,78771,false,0,false,0,false,0
486,63,false,23042,false,0,true,4141,false,0
487,27,true,151697,false,0,true,5258,,0
488,40,false,168353,true,10760,false,0,,0
489,65,false,160169,false,0,true,1767,,0
490,65,false,101305,true,23993,false,0,,0
491,64,true,169207,true,41711,false,0,,0
492,74,true,149900,false,0,false,0,false,0
493,60,false,197055,false,0,false,0,,0
494,43,false,153609,false,0,false,0,,0
495,30,false,150515,false,0,false,0,true,2265.7225403295
496,70,false,96287,false,0,false,0,,0
497,85,true,137791,false,0,true,9483,,0
498,62,true,166310,true,17764,true,1607,,0
499,20,false,142158,true,19286,true,7471,false,0
500,21,true,61385,false,0,true,1933,,0
501,75,false,47891,false,0,true,1103,,0
502,44,true,117012,true,54103,false,0,,0
503,36,false,64470,false,0,true,200,,0
504,66,false,56595,true,41504,true,2143,,0
505,59,true,106411,false,0,false,0,,0
506,19,true,182804,false,0,false,0,,0
507,26,false,194232,false,0,false,0,,0
508,69,true,99985,false,0,true,9106,,0
509,71,false,61065,true,28139,true,984,,0
510,58,true,195180,false,0,false,0,,0
511,57,true,186401,true,48823,true,7044,true,709.5901814097
512,47,true,149525,false,0,false,0,true,3016.4562246153
513,34,true,158146,false,0,true,9677,,0
514,53,false,84983,true,3631,false,0,,0
515,39,true,180453,true,50250,true,5410,,0
516,59,true,36103,false,0,false,0,,0
517,68,false,66004,true,67108,true,422,,0
518,19,true,106017,false,0,false,0,,0
519,37,true,151286,false,0,true,6724,false,0
520,18,true,189883,true,38459,true,8634,true,3697.4434987663
521,32,false,40548,true,34573,true,2272,true,476.1989234415
522,46,true,183969,false,0,false,0,,0
523,50,false,129170,false,0,true,8738,,0
524,55,false,146918,false,0,false,0,true,885.5112567442
525,72,false,182738,true,27611,true,6167,,0
526,59,false,192551,false,0,false,0,,0
527,26,false,41529,true,38162,false,0,,0
528,53,false,165249,false,0,true,9917,false,0
529,45,false,171629,true,69144,true,387,,0
530,24,false,66094,false,0,false,0,false,0
531,56,true,194968,true,1869,true,3680,false,0
532,40,true,182810,true,58864,false,0,,0
533,43,false,48889,true,16080,true,3810,,0
534,54,true,36364,true,63204,false,0,,0
535,55,false,126163,true,37146,false,0,,0
536,24,false,71585,true,35969,false,0,,0
537,26,true,26517,true,2191,false,0,,0
538,82,true,37054,false,0,true,1297,,0
539,18,true,157499,true,66932,true,8292,,0
540,80,false,22909,false,0,false,0,,0
541,82,false,186658,false,0,false,0,,0
542,56,true,45101,true,50840,false,0,,0
543,49,true,79949,false,0,true,4871,false,0
544,37,true,149096,false,0,true,2767,,0
545,74,false,22225,false,0,true,5844,,0
546,28,false,45217,false,0,false,0,,0
547,65,false,130251,true,19687,true,4809,true,479.9995550841
548,62,false,126110,false,0,true,9752,,0
549,30,true,69178,true,31894,false,0,,0
550,37,true,72466,false,0,true,8052,,0
551,68,false,67429,true,64670,false,0,,0
552,43,false,73528,true,46897,true,9022,,0
553,58,false,146629,true,59981,false,0,,0
554,73,true,177710,false,0,false,0,true,259.328383857
555,39,true,151875,false,0,false,0,true,163.4745204094
556,44,true,50562,true,35601,true,4460,false,0
557,73,false,121021,true,56412,true,3539,,0
558,48,false,43132,false,0,false,0,,0
559,20,true,24829,false,0,true,9593,,0
560,52,true,121645,false,0,true,8175,,0
561,49,true,189182,false,0,false,0,,0
562,19,false,49877,true,9288,true,5097,false,0
563,82,false,21807,false,0,true,4743,false,0
564,42,true,80322,true,23384,true,6342,false,0
565,49,false,21773,true,12074,true,7242,,0
566,65,false,92896,true,66629,false,0,,0
567,64,true,22530,true,30184,true,7483,false,0
568,57,false,33621,false,0,false,0,true,604.7023723493
569,46,false,123855,false,0,true,3365,,0
570,36,true,123644,true,24351,true,7447,false,0
571,46,true,196465,false,0,false,0,false,0
572,54,false,63505,false,0,false,0,,0
573,68,false,51184,true,59822,true,4475,,0
574,80,true,61731,true,16908,true,7421,,0
575,58,true,26553,false,0,true,5419,true,582.1488627819
576,44,false,154625,false,0,true,7048,,0
577,40,false,66488,false,0,true,4266,,0
578,27,false,127595,false,0,false,0,,0
579,82,true,100362,false,0,false,0,false,0
580,32,true,67051,false,0,false,0,,0
581,47,true,35001,true,28994,false,0,,0
582,19,true,186248,true,55927,false,0,,0
583,63,true,113557,false,0,true,4714,,0
584,54,true,101214,true,25252,false,0,,0
585,28,false,84725,false,0,false,0,,0
586,55,true,77966,true,9313,true,3387,,0
587,42,true,93895,true,63175,false,0,,0
588,28,false,189894,true,53072,false,0,,0
589,24,true,87308,false,0,true,9942,,0
590,51,false,115564,false,0,true,6573,,0
591,80,false,139474,false,0,true,2721,,0
592,47,false,184698,true,33817,false,0,,0
593,58,true,185949,false,0,true,2177,true,609.2068306414
594,18,true,171667,false,0,true,6562,true,1858.223106283
595,76,false,55747,true,20210,true,1993,,0
596,72,false,74547,true,66217,true,4999,,0
597,39,true,89734,true,10340,true,3785,,0
598,31,false,117899,true,32352,true,530,,0
599,31,true,180000,true,68505,true,363,,0
600,22,false,84233,false,0,true,6330,true,1289.8212379241
601,25,false,29575,true,33602,false,0,false,0
602,57,true,88132,true,47742,false,0,,0
603,36,false,191207,false,0,false,0,,0
604,59,true,180814,true,20377,true,4463,,0
605,38,true,111965,false,0,true,1798,,0
606,67,false,84174,true,65354,false,0,,0
607,51,false,133811,false,0,true,4106,false,0
608,63,false,197901,true,23042,false,0,,0
609,67,false,161000,true,52317,false,0,,0
610,47,false,112795,true,29149,false,0,,0
611,24,false,45573,false,0,true,3864,false,0
612,23,true,170692,true,65227,true,892,,0
613,76,false,158603,false,0,false,0,,0
614,73,true,135047,true,41921,true,2300,,0
615,35,false,68616,true,33894,true,1411,,0
616,23,false,91632,false,0,false,0,,0
617,46,false,178609,true,65316,true,6808,,0
618,80,false,70409,true,69432,false,0,false,0
619,77,true,168302,true,38977,true,400,,0
620,60,false,187772,true,43614,true,9517,true,680.0824170306
621,84,false,163680,true,52002,true,2768,,0
622,23,false,161363,true,68998,true,2885,,0
623,45,true,181831,true,28841,false,0,,0
624,35,false,188963,false,0,false,0,true,3010.2052516874
625,35,true,129784,true,65029,false,0,,0
626,47,false,83691,false,0,false,0,false,0
627,61,false,172370,false,0,false,0,,0
628,58,true,109544,true,1482,false,0,,0
629,28,false,77183,false,0,false,0,,0
630,43,true,58623,true,31824,false,0,false,0
631,51,false,158636,false,0,false,0,,0
632,72,true,21511,false,0,false,0,false,0
633,18,true,42166,false,0,false,0,,0
634,19,true,49782,false,0,false,0,true,251.9074789855
635,50,false,157640,true,22271,true,9189,,0
636,84,true,54804,true,59423,false,0,false,0
637,80,true,77907,true,50115,true,7760,true,1252.163635589
638,19,false,106209,false,0,true,590,false,0
639,73,false,73657,true,44196,true,9056,,0
640,54,false,138464,true,64985,true,3792,,0
641,74,false,153924,true,32983,false,0,,0
642,32,true,28862,true,54333,false,0,,0
643,45,true,185826,true,59686,false,0,,0
644,54,true,92812,true,29093,false,0,,0
645,66,false,54936,true,2476,true,1026,,0
646,78,true,78021,true,14450,true,1147,false,0
647,23,true,159993,false,0,false,0,,0
648,23,false,126023,false,0,true,4205,true,1190.6231568915
649,36,true,32682,false,0,true,1365,,0
650,33,false,86382,true,43063,false,0,,0
651,76,false,45156,false,0,false,0,true,542.7845567241
652,35,true,46942,false,0,true,4992,,0
653,75,false,97696,false,0,false,0,false,0
654,54,false,56965,true,31884,true,2703,,0
655,70,false,127585,false,0,true,3011,false,0
656,35,false,148231,true,7431,false,0,true,3013.6440066725
657,41,false,105991,true,47644,false,0,,0
658,76,true,104824,true,63151,true,4061,false,0
659,27,false,154812,false,0,false,0,,0
660,51,false,126944,true,61431,false,0,true,1780.5990258828
661,51,true,51880,false,0,true,2342,true,151.4259100081
662,77,false,159043,false,0,false,0,true,1064.7337697634
663,31,false,169993,true,56628,false,0,true,2129.2367889835
664,18,true,143491,false,0,false,0,true,842.4327333172
665,27,true,40447,true,27135,true,5795,true,14.1463189385
666,62,true,73337,false,0,true,4244,false,0
667,75,false,122866,false,0,true,2198,,0
668,50,true,36626,true,28659,true,9729,true,672.0572389331
669,34,false,121680,false,0,false,0,,0
670,31,true,97941,false,0,false,0,,0
671,59,true,167758,false,0,true,639,,0
672,77,true,134433,true,49625,true,9288,,0
673,76,false,26836,true,59063,false,0,,0
674,33,true,173729,false,0,true,1791,,0
675,55,false,60995,false,0,true,5841,,0
676,83,true,43465,true,46724,true,5735,,0
677,53,false,180909,false,0,true,1883,,0
678,79,true,49915,false,0,true,6467,,0
679,31,false,90872,true,60371,true,4301,false,0
680,44,false,48736,true,65529,false,0,true,969.9635076765
681,62,true,181313,true,42345,true,9692,true,4156.841915641
682,20,true,133432,true,6842,false,0,,0
683,58,false,143516,true,57027,false,0,,0
684,85,true,193117,false,0,false,0,,0
685,74,true,100714,true,10199,false,0,,0
686,42,true,144022,false,0,false,0,true,736.1806563447
687,56,false,123530,true,24502,false,0,false,0
688,40,true,86385,false,0,false,0,,0
689,22,true,171065,false,0,false,0,,0
690,36,false,49783,false,0,false,0,true,532.6546117075
691,68,true,133381,true,39667,true,3308,,0
692,77,true,29692,false,0,false,0,false,0
693,44,false,32551,true,26013,false,0,,0
694,30,false,78465,true,5528,false,0,,0
695,70,false,80733,true,46561,false,0,true,1142.755182545
696,63,false,125376,true,55275,true,6498,true,1770.5421570782
697,71,true,134865,true,43763,false,0,,0
698,42,true,159539,true,18397,true,6895,,0
699,35,false,53950,true,48749,false,0,true,174.8875083338
700,19,true,138062,true,22286,false,0,,0
701,18,false,135750,false,0,false,0,,0
702,85,false,185574,false,0,false,0,true,3479.3384288672
703,57,false,151403,true,23756,false,0,false,0
704,58,false,57050,true,67968,false,0,,0
705,81,true,135179,true,17068,false,0,,0
706,66,false,127423,false,0,true,1383,false,0
707,38,true,87439,false,0,true,8482,,0
708,76,true,107867,true,21918,false,0,false,0
709,67,true,42101,true,61184,false,0,true,775.2610575212
710,21,false,87276,false,0,false,0,,0
711,83,true,77977,false,0,true,6531,,0
712,62,false,157441,true,45574,true,9413,,0
713,43,false,172831,true,40329,true,5372,,0
714,35,true,103097,true,52855,true,126,,0
715,53,false,77164,true,8509,true,2128,true,1604.0285993204
716,53,true,107631,false,0,false,0,,0
717,47,false,165585,false,0,true,4442,false,0
718,35,true,77853,true,12553,true,6278,,0
719,63,false,128882,false,0,true,551,,0
720,80,false,67924,true,43337,true,7302,,0
721,74,false,192059,false,0,false,0,,0
722,53,false,165288,false,0,true,5207,true,1906.5132881164
723,40,false,91931,false,0,true,167,,0
724,50,false,153530,false,0,false,0,,0
725,75,true,101259,true,64281,true,4055,,0
726,63,true,150289,false,0,true,5233,false,0
727,53,false,140926,false,0,true,6911,false,0
728,62,true,156936,true,57248,false,0,,0
729,25,true,112697,true,65194,true,6999,true,374.7679486324
730,23,false,199715,false,0,true,3357,,0
731,35,true,119945,false,0,false,0,,0
732,31,false,189902,true,11234,true,6089,,0
733,60,false,129511,true,56189,false,0,,0
734,80,true,55766,true,45720,true,6323,,0
735,42,false,148003,true,61979,true,3754,,0
736,76,false,156010,false,0,false,0,,0
737,43,true,139504,true,29807,true,8676,,0
738,38,true,145272,true,39034,false,0,true,2065.9449758518
739,46,true,130608,false,0,true,8320,false,0
740,54,false,125218,false,0,false,0,,0
741,72,false,186730,false,0,true,3168,,0
742,25,false,123778,true,56882,false,0,,0
743,40,false,158862,true,10410,true,4661,,0
744,20,true,83915,false,0,false,0,false,0
745,44,true,127764,true,63053,true,6032,false,0
746,26,true,47548,false,0,false,0,true,842.3311074644
747,36,false,172380,true,29522,false,0,false,0
748,81,true,171203,false,0,false,0,,0
749,45,true,123256,true,52150,false,0,false,0
750,24,true,59697,true,26186,true,7200,,0
751,68,false,191793,false,0,true,4707,true,3533.7901318329
752,81,true,90795,true,36740,true,8560,,0
753,33,true,73978,false,0,false,0,,0
754,27,false,196267,false,0,true,8372,,0
755,83,true,77475,true,66938,false,0,,0
756,61,false,124096,true,33227,true,7160,,0
757,28,false,73660,false,0,false,0,,0
758,19,true,77328,true,63964,true,4528,,0
759,72,false,69556,false,0,true,1690,,0
760,70,false,130457,false,0,true,7334,true,2854.9276569569
761,40,true,133929,true,32779,false,0,false,0
762,38,false,101030,false,0,false,0,,0
763,75,false,33370,false,0,false,0,true,151.4002364635
764,34,false,76024,true,66095,false,0,,0
765,66,false,25169,true,20599,true,572,,0
766,51,false,138686,false,0,false,0,,0
767,34,true,36432,false,0,true,728,,0
768,74,false,195895,true,39095,false,0,,0
769,34,false,66932,true,65246,false,0,,0
770,79,true,35568,false,0,false,0,true,483.3189290913
771,65,true,76487,false,0,true,9688,true,1413.2116678601
772,46,true,156790,false,0,true,1042,,0
773,38,false,157013,false,0,true,8900,,0
774,41,false,96262,false,0,false,0,,0
775,64,false,51207,false,0,false,0,,0
776,18,true,34851,false,0,false,0,,0
777,78,false,168285,false,0,false,0,,0
778,37,false,136168,false,0,true,4411,true,1466.8426486106
779,71,true,115350,true,16622,true,7650,,0
780,84,false,165416,false,0,true,3978,,0
781,55,true,66163,false,0,true,8717,,0
782,58,false,46373,false,0,true,9935,false,0
783,18,false,192243,true,42679,false,0,false,0
784,22,false,145459,false,0,false,0,,0
785,68,false,147327,false,0,false,0,,0
786,20,true,24003,true,37039,false,0,,0
787,27,true,67608,true,48804,true,2571,,0
788,58,true,117014,true,13479,true,4958,,0
789,25,false,191566,true,19313,false,0,,0
790,44,true,174985,false,0,true,7358,,0
791,35,false,110240,true,32872,false,0,,0
792,31,false,119818,false,0,true,7243,,0
793,64,true,125354,true,50004,true,1952,,0
794,66,false,162205,true,25459,true,7836,,0
795,47,false,22758,false,0,false,0,,0
796,26,true,108307,false,0,false,0,,0
797,67,false,69181,false,0,false,0,true,1051.7585846173
798,65,true,97881,false,0,false,0,,0
799,67,false,115983,true,3806,true,9909,,0
800,26,true,43736,true,17073,true,2833,false,0
801,32,false,32306,true,55994,false,0,,0
802,59,false,143701,false,0,true,4803,,0
803,19,false,36769,false,0,false,0,true,153.2560573014
804,20,false,199280,true,64684,false,0,,0
805,71,true,53569,true,18105,false,0,,0
806,56,true,51888,true,20586,true,3305,,0
807,70,true,30101,false,0,false,0,true,607.6766750859
808,81,true,115338,true,63242,true,550,,0
809,77,true,102831,true,1438,true,8065,,0
810,49,false,79809,true,69921,false,0,,0
811,38,true,41351,true,22830,true,7091,,0
812,78,true,143800,false,0,false,0,,0
813,74,false,35405,true,15577,false,0,,0
814,61,true,85917,false,0,true,84,,0
815,78,false,71701,true,59233,true,4950,,0
816,39,false,55686,false,0,false,0,false,0
817,45,false,102125,false,0,true,3328,,0
818,82,false,56964,true,29573,false,0,,0
819,45,true,158934,false,0,false,0,true,91.5500826797
820,30,true,148761,false,0,false,0,false,0
821,65,true,77232,true,43792,true,7489,,0
822,23,true,26152,false,0,true,3638,true,135.4414592105
823,53,true,60814,false,0,false,0,true,126.4149775211
824,80,true,78539,false,0,true,3791,true,381.643689605
825,84,false,41234,false,0,false,0,true,395.6995138901
826,55,true,132525,true,56904,true,157,,0
827,62,true,42951,false,0,true,4364,false,0
828,19,true,195138,false,0,true,6545,,0
829,79,false,192126,true,8291,true,5865,,0
830,20,true,166950,false,0,true,1165,,0
831,35,false,88895,true,18603,true,1477,true,977.6145847887
832,49,false,179654,true,23618,false,0,true,1999.2946294643
833,81,false,54933,true,29643,true,4837,false,0
834,20,true,171068,false,0,false,0,,0
835,79,true,148356,false,0,false,0,,0
836,19,false,47206,false,0,true,8839,,0
837,55,false,144032,true,5247,false,0,,0
838,82,true,153656,true,35175,false,0,,0
839,51,false,46800,false,0,true,9788,false,0
840,37,true,74182,true,64217,false,0,,0
841,43,true,188304,false,0,false,0,,0
842,25,true,130824,false,0,false,0,,0
843,70,false,53661,true,52220,false,0,false,0
844,67,true,109901,true,66437,true,3631,,0
845,30,false,114262,false,0,true,9436,true,2078.6810563186
846,21,true,198074,true,29732,false,0,,0
847,21,true,78273,false,0,true,1696,true,868.000870204
848,27,true,113663,true,59435,true,9373,true,656.1727213459
849,81,false,100223,true,23680,true,4951,,0
850,45,true,34626,false,0,true,3260,,0
851,58,false,37040,true,10286,false,0,,0
852,43,true,52150,false,0,false,0,,0
853,82,true,145109,false,0,true,5806,,0
854,23,true,177973,false,0,false,0,,0
855,52,true,74128,false,0,false,0,,0
856,63,true,91999,true,7503,false,0,,0
857,79,false,76147,true,65371,false,0,false,0
858,79,false,146313,false,0,true,2087,false,0
859,68,false,119110,false,0,false,0,false,0
860,48,true,117083,false,0,true,6354,,0
861,49,true,156761,false,0,true,672,,0
862,81,false,176236,true,33051,false,0,,0
863,57,true,164033,true,6904,false,0,,0
864,85,false,31070,true,57972,true,3761,,0
865,67,true,115532,true,45215,true,4557,,0
866,61,false,104113,false,0,true,6904,true,684.0033706208
867,51,true,25253,false,0,true,6140,false,0
868,20,false,97078,true,21249,false,0,,0
869,35,false,171916,true,12559,false,0,,0
870,21,true,105050,true,40319,false,0,,0
871,54,true,56905,false,0,true,7241,,0
872,83,true,79945,true,32170,true,6588,,0
873,54,false,28081,true,59714,true,2057,false,0
874,83,false,194492,false,0,false,0,,0
875,76,false,149248,true,56007,true,2646,,0
876,76,false,85035,false,0,true,9294,,0
877,33,true,176973,false,0,true,9457,true,4050.0666197843
878,71,true,87897,true,44303,false,0,,0
879,29,false,167361,true,64884,true,7849,,0
880,23,true,145619,true,33548,true,1113,,0
881,36,true,191686,true,52823,false,0,true,4407.3463222307
882,74,false,79131,false,0,true,3521,false,0
883,27,true,82745,true,54824,false,0,,0
884,51,true,118190,false,0,false,0,,0
885,48,false,176706,false,0,false,0,,0
886,28,true,77484,true,63411,true,8153,,0
887,19,false,102180,true,8230,true,1276,,0
888,61,true,188114,true,38977,true,67,,0
889,30,true,196203,false,0,false,0,,0
890,73,true,43109,true,17777,false,0,,0
891,64,false,54320,true,33497,false,0,false,0
892,27,true,177477,true,59270,false,0,,0
893,48,true,27339,true,12050,false,0,,0
894,76,true,24100,false,0,false,0,true,528.5723958819
895,53,true,172762,true,28383,false,0,,0
896,49,true,111046,true,67091,true,4828,,0
897,78,false,106003,true,46562,true,3320,,0
898,47,true,178050,false,0,true,9620,,0
899,44,true,96217,false,0,false,0,,0
900,70,false,191245,true,3586,false,0,,0
901,77,false,83465,true,53695,false,0,,0
902,31,true,93729,false,0,false,0,false,0
903,30,true,179832,true,26243,false,0,,0
904,70,true,30395,false,0,true,4804,,0
905,35,false,195323,true,37149,false,0,,0
906,75,true,176619,true,64425,true,101,,0
907,64,true,141025,false,0,false,0,,0
908,65,true,154061,false,0,true,2449,,0
909,48,false,149349,false,0,true,3436,,0
910,32,false,130592,true,31334,false,0,,0
911,68,true,66866,true,13754,false,0,,0
912,51,true,32630,false,0,true,7017,,0
913,23,false,154804,true,354,false,0,true,1537.173893764
914,26,true,38258,false,0,false,0,false,0
915,63,false,67037,false,0,false,0,,0
916,55,false,146683,false,0,true,2898,,0
917,79,true,190337,false,0,true,3930,,0
918,26,false,64615,true,65203,false,0,false,0
919,43,false,139453,false,0,false,0,false,0
920,65,false,161740,false,0,true,8323,,0
921,54,false,194297,true,6359,true,2419,,0
922,63,false,168526,true,49049,false,0,,0
923,18,false,67142,true,42690,false,0,true,990.4142035295
924,69,true,187116,false,0,true,2515,,0
925,40,false,177468,true,7887,true,7201,,0
926,54,false,192575,true,5004,false,0,,0
927,57,true,198397,true,40445,false,0,,0
928,59,false,91758,true,12617,false,0,true,927.7397388044
929,64,false,118225,true,14842,false,0,,0
930,83,false,46529,false,0,false,0,,0
931,75,false,136422,true,11064,true,5159,,0
932,68,true,198870,true,41082,false,0,,0
933,43,false,130872,true,5840,true,2068,,0
934,63,true,114138,false,0,false,0,,0
935,26,true,63378,false,0,false,0,,0
936,38,false,48854,true,60438,true,2854,,0
937,18,false,154129,true,20115,false,0,,0
938,71,true,131371,false,0,true,5682,,0
939,50,false,156929,false,0,false,0,,0
940,41,false,143274,true,47541,true,3556,,0
941,79,false,136683,false,0,false,0,,0
942,72,true,171143,true,769,false,0,,0
943,76,true,55746,true,52052,false,0,,0
944,69,false,186221,false,0,false,0,,0
945,58,false,64665,false,0,false,0,false,0
946,47,false,76632,false,0,true,5282,,0
947,84,true,101295,false,0,true,5473,false,0
948,57,true,175647,false,0,false,0,false,0
949,45,true,150945,true,34667,true,6673,true,2346.8899607233
950,83,true,71399,false,0,true,655,,0
951,67,true,150306,false,0,false,0,,0
952,36,true,130437,true,36608,false,0,,0
953,51,false,96313,true,31455,false,0,true,2218.4335607195
954,68,false,29346,true,21869,true,9573,,0
955,65,false,66698,false,0,true,8495,,0
956,79,true,105575,true,55307,false,0,true,1588.8390292931
957,64,false,41151,true,40770,false,0,,0
958,35,false,143177,false,0,true,112,true,1592.2534185829
959,74,false,101544,false,0,false,0,,0
960,39,true,99418,false,0,true,803,,0
961,82,false,134421,false,0,false,0,,0
962,66,true,56085,true,68926,false,0,,0
963,67,false,175148,true,60708,true,2071,,0
964,26,false,76291,true,67933,false,0,,0
965,40,true,51455,true,38315,true,7620,,0
966,62,true,40221,false,0,true,3663,false,0
967,74,false,183629,true,9012,false,0,true,866.3930584632
968,78,true,102302,false,0,false,0,,0
969,59,false,114510,false,0,false,0,false,0
970,41,false,117843,true,29131,false,0,,0
971,27,false,116525,false,0,false,0,,0
972,83,false,20397,true,55315,true,7589,,0
973,69,false,171956,true,38713,false,0,,0
974,54,false,136002,false,0,false,0,,0
975,22,true,56269,true,5618,true,1810,true,888.5265651042
976,80,false,194808,true,43751,true,4252,false,0
977,72,false,112652,false,0,true,636,,0
978,73,false,49093,true,20365,false,0,,0
979,67,true,96103,false,0,false,0,,0
980,48,true,94854,false,0,false,0,true,1587.7552303836
981,26,false,68292,true,68587,true,9789,,0
982,79,true,119533,true,39607,false,0,,0
983,28,true,173964,true,40998,false,0,,0
984,64,false,118601,false,0,false,0,,0
985,33,false,130087,false,0,true,7058,,0
986,82,false,68725,true,67555,true,8608,,0
987,63,false,56437,true,35676,false,0,,0
988,62,true,45640,true,16998,false,0,,0
989,23,true,91042,false,0,true,9312,,0
990,49,false,103466,false,0,false,0,true,1121.9036998387
991,19,false,60744,true,37426,true,2622,false,0
992,31,false,130549,false,0,false,0,false,0
993,36,false,141338,false,0,false,0,false,0
994,54,true,168714,true,63294,true,5114,,0
995,76,false,149263,false,0,true,2461,,0
996,76,true,30722,false,0,false,0,,0
997,43,false,87603,false,0,true,4087,,0
998,61,true,25123,true,44020,false,0,,0
999,75,true,101123,true,65327,true,1484,,0
1000,34,false,182128,true,10831,true,315,,0
