spouse_ID,age,gross_salary,has_student_loan,student_loan_amount,has_general_loan,general_loan_amount,has_alimony,alimony_amount
1,63,54528,TRUE,5293,FALSE,0,FALSE,0
2,74,144409,TRUE,44350,TRUE,2736,TRUE,2513.721669
3,66,80291,FALSE,0,FALSE,0,FALSE,0
4,45,33528,TRUE,21191,TRUE,8118,FALSE,0
5,39,165719,FALSE,0,FALSE,0,FALSE,0
6,69,147674,FALSE,0,FALSE,0,FALSE,0
7,26,158092,FALSE,0,FALSE,0,FALSE,0
8,78,30499,FALSE,0,TRUE,7829,FALSE,0
9,30,60684,TRUE,48767,FALSE,0,FALSE,0
10,27,111405,FALSE,0,FALSE,0,FALSE,0
11,69,36268,FALSE,0,FALSE,0,FALSE,0
12,30,150985,TRUE,45654,TRUE,6764,FALSE,0
13,71,46571,FALSE,0,TRUE,9660,FALSE,0
14,48,56067,FALSE,0,FALSE,0,FALSE,0
15,25,141513,TRUE,32643,FALSE,0,FALSE,0
16,65,123751,FALSE,0,FALSE,0,FALSE,0
17,44,51056,FALSE,0,FALSE,0,FALSE,0
18,75,54717,FALSE,0,TRUE,9519,FALSE,0
19,50,39975,FALSE,0,TRUE,8219,FALSE,0
20,31,54290,TRUE,15485,FALSE,0,TRUE,780.9272571
21,71,104941,TRUE,62122,TRUE,9218,TRUE,1391.500016
22,38,138352,FALSE,0,TRUE,3291,FALSE,0
23,28,123614,TRUE,47205,TRUE,3234,FALSE,0
24,59,178630,TRUE,26356,FALSE,0,FALSE,0
25,22,191106,FALSE,0,FALSE,0,FALSE,0
26,61,183498,FALSE,0,FALSE,0,FALSE,0
27,75,166969,TRUE,66563,FALSE,0,FALSE,0
28,57,47699,FALSE,0,TRUE,6450,TRUE,1057.296177
29,24,77260,FALSE,0,FALSE,0,FALSE,0
30,30,88871,FALSE,0,TRUE,1458,FALSE,0
31,32,43271,TRUE,46718,FALSE,0,TRUE,774.4027931
32,48,173227,FALSE,0,TRUE,8507,FALSE,0
33,51,47280,TRUE,69855,TRUE,447,FALSE,0
34,31,20838,TRUE,43294,TRUE,708,FALSE,0
35,67,39980,FALSE,0,FALSE,0,FALSE,0
36,78,179097,TRUE,8627,TRUE,1872,TRUE,1645.447701
37,51,56124,FALSE,0,FALSE,0,FALSE,0
38,35,37343,FALSE,0,TRUE,7511,FALSE,0
39,81,48491,TRUE,10647,TRUE,3806,FALSE,0
40,48,160314,FALSE,0,TRUE,3616,FALSE,0
41,36,54137,FALSE,0,FALSE,0,FALSE,0
42,45,46554,TRUE,65900,FALSE,0,FALSE,0
43,24,77216,FALSE,0,FALSE,0,FALSE,0
44,45,106844,TRUE,1485,TRUE,7411,FALSE,0
45,46,87838,FALSE,0,TRUE,6287,FALSE,0
46,34,191149,FALSE,0,FALSE,0,FALSE,0
47,54,158170,FALSE,0,TRUE,2536,FALSE,0
48,85,180643,TRUE,65923,TRUE,4943,FALSE,0
49,77,137542,TRUE,21677,TRUE,3915,TRUE,190.2257507
50,39,64297,TRUE,10214,FALSE,0,FALSE,0
51,72,122503,TRUE,40453,TRUE,568,FALSE,0
52,71,114877,FALSE,0,TRUE,4506,FALSE,0
53,18,70783,FALSE,0,FALSE,0,FALSE,0
54,37,72600,FALSE,0,FALSE,0,TRUE,1117.751892
55,21,55785,TRUE,39664,FALSE,0,FALSE,0
56,22,145057,FALSE,0,TRUE,6468,FALSE,0
57,75,59043,TRUE,62601,TRUE,7087,TRUE,1086.068926
58,40,70311,TRUE,62038,TRUE,3601,FALSE,0
59,26,85368,TRUE,25639,FALSE,0,FALSE,0
60,33,90003,TRUE,2487,TRUE,7554,FALSE,0
61,65,76756,FALSE,0,TRUE,4552,TRUE,235.487432
62,19,98549,TRUE,24085,FALSE,0,FALSE,0
63,25,46161,FALSE,0,FALSE,0,FALSE,0
64,42,109525,FALSE,0,TRUE,3800,FALSE,0
65,63,77397,TRUE,50131,TRUE,1099,FALSE,0
66,41,151749,TRUE,45750,TRUE,2535,TRUE,2939.748818
67,79,62914,FALSE,0,FALSE,0,FALSE,0
68,51,88913,TRUE,41172,TRUE,5682,FALSE,0
69,85,144587,TRUE,9668,TRUE,4169,FALSE,0
70,52,197943,FALSE,0,FALSE,0,FALSE,0
71,33,57177,TRUE,69648,TRUE,4780,FALSE,0
72,47,128275,FALSE,0,TRUE,6595,TRUE,2210.54953
73,73,197688,TRUE,29568,FALSE,0,FALSE,0
74,36,115905,FALSE,0,FALSE,0,FALSE,0
75,38,102232,TRUE,62612,TRUE,4895,FALSE,0
76,31,34452,FALSE,0,TRUE,9454,FALSE,0
77,22,33016,TRUE,50214,FALSE,0,FALSE,0
78,33,102403,FALSE,0,FALSE,0,FALSE,0
79,50,158776,TRUE,34305,TRUE,7793,FALSE,0
80,52,130640,FALSE,0,TRUE,2796,FALSE,0
81,32,38757,FALSE,0,TRUE,1263,FALSE,0
82,82,68291,TRUE,41753,FALSE,0,FALSE,0
83,19,171039,FALSE,0,FALSE,0,FALSE,0
84,57,41857,FALSE,0,TRUE,2097,FALSE,0
85,36,176441,FALSE,0,TRUE,8963,FALSE,0
86,72,194638,FALSE,0,TRUE,5542,FALSE,0
87,51,123116,TRUE,33911,TRUE,1490,FALSE,0
88,66,41284,TRUE,68651,FALSE,0,FALSE,0
89,61,80928,FALSE,0,FALSE,0,FALSE,0
90,37,68205,TRUE,35883,FALSE,0,FALSE,0
91,71,133449,TRUE,11602,TRUE,8332,FALSE,0
92,26,117185,TRUE,59143,TRUE,6574,FALSE,0
93,24,142332,FALSE,0,FALSE,0,FALSE,0
94,32,20152,FALSE,0,TRUE,968,FALSE,0
95,64,44499,FALSE,0,TRUE,8280,FALSE,0
96,40,101744,TRUE,33801,TRUE,5892,FALSE,0
97,25,169089,FALSE,0,TRUE,3029,TRUE,2511.671777
98,40,64096,FALSE,0,TRUE,6568,FALSE,0
99,31,177439,TRUE,41310,TRUE,7954,FALSE,0
100,20,85410,TRUE,67960,TRUE,9497,TRUE,1075.885762
101,21,121798,TRUE,57923,FALSE,0,TRUE,2746.115549
102,38,51061,TRUE,4145,TRUE,9536,TRUE,279.11608
103,37,75636,FALSE,0,TRUE,7101,FALSE,0
104,80,198461,TRUE,24710,FALSE,0,FALSE,0
105,59,43790,FALSE,0,FALSE,0,TRUE,527.7433557
106,19,59122,TRUE,58463,TRUE,1144,FALSE,0
107,60,189814,FALSE,0,TRUE,128,FALSE,0
108,38,172020,FALSE,0,TRUE,8473,FALSE,0
109,44,46710,FALSE,0,TRUE,5245,TRUE,539.9683228
110,63,108803,FALSE,0,TRUE,3588,FALSE,0
111,83,30546,TRUE,65111,TRUE,1708,FALSE,0
112,27,169451,FALSE,0,FALSE,0,FALSE,0
113,51,161441,TRUE,54734,TRUE,6325,FALSE,0
114,44,64969,FALSE,0,FALSE,0,FALSE,0
115,57,165947,TRUE,37248,FALSE,0,FALSE,0
116,29,199310,FALSE,0,TRUE,1850,FALSE,0
117,69,186071,FALSE,0,TRUE,1163,FALSE,0
118,18,63494,FALSE,0,FALSE,0,FALSE,0
119,27,21699,FALSE,0,TRUE,1471,FALSE,0
120,40,44747,FALSE,0,TRUE,195,FALSE,0
121,74,43465,FALSE,0,TRUE,6815,FALSE,0
122,70,96815,TRUE,44542,TRUE,5868,FALSE,0
123,51,75744,TRUE,67954,TRUE,2457,FALSE,0
124,22,38729,FALSE,0,FALSE,0,FALSE,0
125,72,149970,FALSE,0,FALSE,0,FALSE,0
126,45,104011,FALSE,0,TRUE,6304,FALSE,0
127,76,21489,FALSE,0,FALSE,0,FALSE,0
128,73,135890,FALSE,0,FALSE,0,TRUE,2844.332762
129,69,196561,TRUE,41933,TRUE,68,FALSE,0
130,40,199783,FALSE,0,FALSE,0,FALSE,0
131,46,187592,TRUE,21880,FALSE,0,TRUE,954.2216693
132,80,75685,TRUE,30890,TRUE,2661,FALSE,0
133,64,125642,FALSE,0,FALSE,0,FALSE,0
134,50,195381,FALSE,0,FALSE,0,FALSE,0
135,63,141500,TRUE,45680,TRUE,6121,FALSE,0
136,55,154651,FALSE,0,FALSE,0,TRUE,2858.223121
137,60,165886,TRUE,61082,TRUE,5856,FALSE,0
138,77,77874,TRUE,8185,TRUE,3307,FALSE,0
139,36,120479,FALSE,0,TRUE,4716,FALSE,0
140,48,156207,TRUE,19978,FALSE,0,FALSE,0
141,55,167390,TRUE,56575,TRUE,9156,FALSE,0
142,46,22698,TRUE,37514,TRUE,2378,TRUE,216.375917
143,69,44810,FALSE,0,FALSE,0,FALSE,0
144,33,65352,FALSE,0,TRUE,7220,FALSE,0
145,54,54673,FALSE,0,TRUE,1418,FALSE,0
146,80,145742,FALSE,0,FALSE,0,FALSE,0
147,32,136560,FALSE,0,TRUE,594,FALSE,0
148,23,121510,FALSE,0,TRUE,1486,FALSE,0
149,58,151142,TRUE,55003,FALSE,0,FALSE,0
150,74,86451,FALSE,0,FALSE,0,FALSE,0
151,55,101586,FALSE,0,FALSE,0,FALSE,0
152,47,164488,FALSE,0,TRUE,6331,FALSE,0
153,18,101412,TRUE,69057,FALSE,0,FALSE,0
154,84,134892,TRUE,14329,TRUE,7096,FALSE,0
155,35,133225,TRUE,39092,FALSE,0,TRUE,1323.749983
156,83,127504,TRUE,31218,TRUE,4371,FALSE,0
157,64,132486,FALSE,0,FALSE,0,FALSE,0
158,80,24361,TRUE,32364,FALSE,0,FALSE,0
159,51,36838,FALSE,0,TRUE,3691,FALSE,0
160,77,169381,TRUE,19652,FALSE,0,TRUE,2452.533598
161,49,71727,TRUE,47574,TRUE,7898,FALSE,0
162,39,109376,FALSE,0,TRUE,5562,TRUE,1843.470355
163,68,95860,FALSE,0,FALSE,0,FALSE,0
164,64,178221,TRUE,51672,FALSE,0,FALSE,0
165,82,121515,TRUE,24353,FALSE,0,FALSE,0
166,33,62746,FALSE,0,FALSE,0,FALSE,0
167,65,114216,TRUE,55758,FALSE,0,TRUE,286.148596
168,71,48737,TRUE,64936,FALSE,0,FALSE,0
169,36,107766,TRUE,66164,TRUE,6865,FALSE,0
170,31,53399,FALSE,0,FALSE,0,TRUE,8.58620585
171,19,182521,FALSE,0,FALSE,0,FALSE,0
172,26,132430,TRUE,69864,TRUE,5803,FALSE,0
173,65,127006,TRUE,62327,TRUE,5566,FALSE,0
174,66,183744,TRUE,69228,TRUE,5107,FALSE,0
175,57,151148,TRUE,10294,FALSE,0,FALSE,0
176,30,116818,TRUE,29687,TRUE,1481,TRUE,151.6557257
177,31,44183,FALSE,0,TRUE,5693,FALSE,0
178,81,151887,FALSE,0,TRUE,8162,FALSE,0
179,40,122363,TRUE,58104,TRUE,2988,FALSE,0
180,63,114706,TRUE,68042,TRUE,5860,FALSE,0
181,47,161063,FALSE,0,TRUE,406,FALSE,0
182,41,74024,FALSE,0,FALSE,0,TRUE,120.7023622
183,61,123762,FALSE,0,TRUE,6412,FALSE,0
184,72,139197,TRUE,29929,FALSE,0,FALSE,0
185,21,150241,TRUE,44749,FALSE,0,TRUE,1035.880093
186,22,50520,TRUE,11006,TRUE,7096,FALSE,0
187,18,97377,TRUE,33834,FALSE,0,FALSE,0
188,56,152638,TRUE,22570,FALSE,0,FALSE,0
189,81,97719,TRUE,58260,FALSE,0,FALSE,0
190,80,25879,TRUE,32144,TRUE,2686,TRUE,446.631309
191,65,31645,FALSE,0,FALSE,0,FALSE,0
192,62,178894,FALSE,0,FALSE,0,TRUE,3999.136621
193,64,54673,FALSE,0,TRUE,2709,FALSE,0
194,35,74313,TRUE,49802,FALSE,0,FALSE,0
195,62,35674,TRUE,51450,FALSE,0,FALSE,0
196,22,70061,FALSE,0,TRUE,7789,FALSE,0
197,27,185746,TRUE,13556,TRUE,5396,FALSE,0
198,84,60263,TRUE,46211,TRUE,7190,TRUE,1367.957069
199,39,50536,TRUE,14530,TRUE,7583,FALSE,0
200,61,124666,TRUE,42978,TRUE,6857,FALSE,0
201,27,96139,FALSE,0,TRUE,3009,FALSE,0
202,42,63609,FALSE,0,TRUE,3501,FALSE,0
203,21,69662,TRUE,62543,FALSE,0,FALSE,0
204,26,176944,TRUE,13281,FALSE,0,FALSE,0
205,71,82174,TRUE,64404,TRUE,5735,TRUE,241.9561967
206,32,175828,FALSE,0,TRUE,332,FALSE,0
207,52,64191,TRUE,9463,TRUE,4237,FALSE,0
208,47,56587,FALSE,0,TRUE,2719,FALSE,0
209,62,72847,TRUE,41317,TRUE,1240,TRUE,352.9744065
210,29,80090,TRUE,29073,TRUE,6585,TRUE,245.3611191
211,58,149733,TRUE,51474,FALSE,0,FALSE,0
212,65,69660,FALSE,0,FALSE,0,FALSE,0
213,68,82467,FALSE,0,TRUE,5968,FALSE,0
214,63,150048,FALSE,0,FALSE,0,FALSE,0
215,61,140026,TRUE,40373,FALSE,0,FALSE,0
216,38,90839,TRUE,26074,FALSE,0,FALSE,0
217,52,30481,FALSE,0,TRUE,5699,FALSE,0
218,41,53192,TRUE,45792,TRUE,9058,FALSE,0
219,20,22561,TRUE,55489,FALSE,0,FALSE,0
220,71,195363,FALSE,0,FALSE,0,FALSE,0
221,81,137611,TRUE,20143,FALSE,0,FALSE,0
222,34,65614,FALSE,0,FALSE,0,FALSE,0
223,65,146204,TRUE,64185,TRUE,2184,TRUE,2633.319426
224,83,34963,TRUE,53007,TRUE,4003,FALSE,0
225,25,172956,TRUE,42565,FALSE,0,FALSE,0
226,45,168551,FALSE,0,TRUE,6424,TRUE,3599.906275
227,55,146240,FALSE,0,FALSE,0,FALSE,0
228,66,177705,TRUE,35367,TRUE,4668,FALSE,0
229,79,51196,FALSE,0,TRUE,319,TRUE,72.90161199
230,35,179915,TRUE,67353,TRUE,7052,FALSE,0
231,66,132505,FALSE,0,FALSE,0,TRUE,459.5657313
232,75,25066,FALSE,0,TRUE,6564,FALSE,0
233,82,198194,TRUE,7454,FALSE,0,TRUE,3075.839248
234,20,180305,TRUE,45316,FALSE,0,FALSE,0
235,40,150889,FALSE,0,FALSE,0,FALSE,0
236,84,160618,TRUE,33479,TRUE,2819,FALSE,0
237,43,92612,TRUE,28079,TRUE,2139,FALSE,0
238,23,75571,TRUE,60618,FALSE,0,FALSE,0
239,80,137092,FALSE,0,FALSE,0,FALSE,0
240,41,76300,FALSE,0,TRUE,8121,FALSE,0
241,58,162733,FALSE,0,TRUE,6051,FALSE,0
242,82,170862,TRUE,5480,TRUE,5225,FALSE,0
243,52,165486,TRUE,53633,TRUE,3457,FALSE,0
244,85,41003,FALSE,0,TRUE,7022,TRUE,271.5422182
245,24,75668,FALSE,0,FALSE,0,FALSE,0
246,54,74757,FALSE,0,TRUE,5326,FALSE,0
247,61,107372,FALSE,0,FALSE,0,FALSE,0
248,29,55699,TRUE,43068,TRUE,1029,FALSE,0
249,57,38337,TRUE,44633,TRUE,3000,FALSE,0
250,19,63397,FALSE,0,FALSE,0,FALSE,0
251,54,71146,TRUE,28096,TRUE,7532,FALSE,0
252,44,63190,FALSE,0,FALSE,0,FALSE,0
253,27,81712,FALSE,0,TRUE,4105,FALSE,0
254,83,20318,FALSE,0,TRUE,9588,FALSE,0
255,57,67292,FALSE,0,TRUE,6237,FALSE,0
256,45,51967,TRUE,43811,FALSE,0,TRUE,50.88765859
257,46,199800,FALSE,0,FALSE,0,TRUE,3841.113444
258,69,123672,TRUE,30889,TRUE,3691,FALSE,0
259,35,41250,TRUE,4334,TRUE,115,FALSE,0
260,71,65836,TRUE,23897,FALSE,0,FALSE,0
261,59,177863,TRUE,16983,TRUE,9175,FALSE,0
262,40,140902,TRUE,59485,FALSE,0,FALSE,0
263,65,164180,FALSE,0,TRUE,6264,TRUE,396.7654557
264,69,90250,TRUE,10572,TRUE,6798,FALSE,0
265,75,185211,TRUE,60432,TRUE,8663,FALSE,0
266,61,149940,FALSE,0,FALSE,0,FALSE,0
267,20,80447,FALSE,0,FALSE,0,FALSE,0
268,45,128448,FALSE,0,FALSE,0,TRUE,1779.804262
269,47,83396,TRUE,62341,FALSE,0,FALSE,0
270,84,29119,FALSE,0,TRUE,8286,FALSE,0
271,79,83934,FALSE,0,FALSE,0,FALSE,0
272,34,65354,FALSE,0,TRUE,3959,FALSE,0
273,68,197255,FALSE,0,FALSE,0,FALSE,0
274,24,181203,TRUE,5937,FALSE,0,FALSE,0
275,75,85367,FALSE,0,TRUE,6391,FALSE,0
276,37,181509,TRUE,31956,TRUE,7910,FALSE,0
277,72,186758,TRUE,41669,TRUE,534,FALSE,0
278,20,174044,FALSE,0,FALSE,0,FALSE,0
279,18,102113,FALSE,0,TRUE,4872,FALSE,0
280,56,131738,TRUE,27269,FALSE,0,TRUE,1520.746618
281,37,198129,FALSE,0,FALSE,0,FALSE,0
282,30,97909,FALSE,0,FALSE,0,FALSE,0
283,70,74056,TRUE,41064,FALSE,0,FALSE,0
284,64,68531,FALSE,0,TRUE,7002,FALSE,0
285,78,158056,TRUE,34974,TRUE,2410,FALSE,0
286,51,24361,TRUE,51588,TRUE,8537,FALSE,0
287,63,154977,TRUE,8337,TRUE,868,FALSE,0
288,67,70113,TRUE,65099,FALSE,0,FALSE,0
289,25,41105,FALSE,0,TRUE,4987,FALSE,0
290,54,91939,FALSE,0,FALSE,0,FALSE,0
291,58,37880,FALSE,0,FALSE,0,FALSE,0
292,53,163815,FALSE,0,FALSE,0,TRUE,2439.699397
293,30,145965,FALSE,0,FALSE,0,FALSE,0
294,27,26506,TRUE,49990,TRUE,6934,TRUE,469.8675982
295,59,128796,TRUE,67732,TRUE,7226,FALSE,0
296,84,173960,FALSE,0,TRUE,7719,FALSE,0
297,54,92135,FALSE,0,FALSE,0,FALSE,0
298,85,148567,TRUE,49752,TRUE,7863,FALSE,0
299,83,53283,TRUE,27792,FALSE,0,FALSE,0
300,38,118701,FALSE,0,FALSE,0,TRUE,1658.464204
301,48,60909,FALSE,0,FALSE,0,FALSE,0
302,55,123795,FALSE,0,FALSE,0,FALSE,0
303,53,29283,FALSE,0,FALSE,0,FALSE,0
304,65,163387,TRUE,29602,FALSE,0,TRUE,2798.689341
305,26,27684,TRUE,31776,TRUE,286,FALSE,0
306,78,109320,FALSE,0,FALSE,0,FALSE,0
307,71,74536,FALSE,0,TRUE,6199,FALSE,0
308,55,138848,FALSE,0,FALSE,0,FALSE,0
309,18,132959,TRUE,7168,TRUE,218,FALSE,0
310,68,115570,FALSE,0,TRUE,4009,FALSE,0
311,49,144449,TRUE,57477,FALSE,0,FALSE,0
312,78,91276,TRUE,69887,FALSE,0,FALSE,0
313,54,135586,FALSE,0,TRUE,3820,FALSE,0
314,54,60699,FALSE,0,FALSE,0,FALSE,0
315,72,61172,FALSE,0,TRUE,6374,FALSE,0
316,27,121030,FALSE,0,TRUE,6688,FALSE,0
317,19,198393,FALSE,0,TRUE,8468,FALSE,0
318,69,66448,FALSE,0,TRUE,6263,FALSE,0
319,50,141669,TRUE,16231,TRUE,335,FALSE,0
320,73,33848,FALSE,0,FALSE,0,TRUE,216.6515099
321,76,39113,FALSE,0,FALSE,0,FALSE,0
322,36,99516,FALSE,0,TRUE,1766,TRUE,950.2687106
323,51,31477,TRUE,1180,FALSE,0,FALSE,0
324,26,172382,FALSE,0,FALSE,0,TRUE,3542.515329
325,60,128820,FALSE,0,TRUE,1102,FALSE,0
326,77,160831,FALSE,0,FALSE,0,FALSE,0
327,39,101030,TRUE,32515,TRUE,9079,FALSE,0
328,31,65128,TRUE,5912,FALSE,0,FALSE,0
329,74,187469,TRUE,26809,TRUE,3137,TRUE,418.0077019
330,59,75834,TRUE,10207,FALSE,0,FALSE,0
331,53,101711,FALSE,0,FALSE,0,FALSE,0
332,84,81734,FALSE,0,TRUE,87,FALSE,0
333,33,167925,TRUE,43484,TRUE,5056,FALSE,0
334,18,186327,FALSE,0,TRUE,8322,FALSE,0
335,69,163167,FALSE,0,FALSE,0,FALSE,0
336,18,134142,TRUE,31264,TRUE,5338,FALSE,0
337,80,135085,FALSE,0,TRUE,9093,FALSE,0
338,51,48343,TRUE,45174,TRUE,904,FALSE,0
339,67,34510,TRUE,32696,FALSE,0,FALSE,0
340,81,188831,TRUE,67275,TRUE,2332,FALSE,0
341,60,91189,FALSE,0,FALSE,0,FALSE,0
342,19,28092,FALSE,0,TRUE,1802,FALSE,0
343,70,33632,FALSE,0,TRUE,8508,FALSE,0
344,25,196601,FALSE,0,TRUE,7626,FALSE,0
345,72,170559,TRUE,67818,TRUE,6206,FALSE,0
346,49,115545,TRUE,58525,FALSE,0,FALSE,0
347,19,123608,FALSE,0,FALSE,0,FALSE,0
348,34,154128,TRUE,68499,FALSE,0,TRUE,3047.021029
349,28,63271,FALSE,0,FALSE,0,FALSE,0
350,36,81124,TRUE,35514,FALSE,0,TRUE,257.6768846
351,84,28686,TRUE,5767,TRUE,7360,FALSE,0
352,20,155736,TRUE,66414,FALSE,0,TRUE,573.3199374
353,55,136748,TRUE,36103,FALSE,0,FALSE,0
354,60,47582,FALSE,0,FALSE,0,FALSE,0
355,27,196727,FALSE,0,TRUE,2205,FALSE,0
356,39,118879,TRUE,32838,FALSE,0,FALSE,0
357,80,119062,TRUE,40540,TRUE,6658,FALSE,0
358,53,119519,TRUE,390,TRUE,3777,FALSE,0
359,57,46491,FALSE,0,TRUE,9758,FALSE,0
360,22,124993,TRUE,32185,TRUE,6030,FALSE,0
361,53,172805,FALSE,0,FALSE,0,FALSE,0
362,52,29840,FALSE,0,TRUE,2371,TRUE,199.5497553
363,74,181201,TRUE,36635,TRUE,8217,FALSE,0
364,73,152316,TRUE,1771,FALSE,0,FALSE,0
365,61,142347,FALSE,0,TRUE,628,FALSE,0
366,53,145117,FALSE,0,TRUE,4665,FALSE,0
367,27,125080,FALSE,0,TRUE,5933,FALSE,0
368,71,137583,TRUE,14307,FALSE,0,FALSE,0
369,49,136879,FALSE,0,TRUE,5190,FALSE,0
370,45,140323,FALSE,0,FALSE,0,FALSE,0
371,25,38953,TRUE,61954,TRUE,3875,FALSE,0
372,32,78994,FALSE,0,TRUE,5602,FALSE,0
373,20,103056,FALSE,0,TRUE,4835,FALSE,0
374,85,108912,TRUE,61874,FALSE,0,FALSE,0
375,84,71454,FALSE,0,FALSE,0,FALSE,0
376,26,86339,FALSE,0,TRUE,3560,FALSE,0
377,21,181771,FALSE,0,TRUE,8994,FALSE,0
378,29,139157,TRUE,59746,TRUE,796,FALSE,0
379,28,69516,TRUE,26859,FALSE,0,FALSE,0
380,81,166743,TRUE,59095,FALSE,0,FALSE,0
381,27,183844,TRUE,52805,FALSE,0,FALSE,0
382,54,30052,TRUE,32656,TRUE,1696,FALSE,0
383,39,167857,TRUE,26194,FALSE,0,FALSE,0
384,79,49191,FALSE,0,FALSE,0,FALSE,0
385,29,116324,TRUE,48991,FALSE,0,FALSE,0
386,64,139303,FALSE,0,FALSE,0,FALSE,0
387,73,179741,FALSE,0,FALSE,0,FALSE,0
388,32,117554,FALSE,0,TRUE,5402,FALSE,0
389,36,88436,TRUE,15598,TRUE,4915,FALSE,0
390,60,92240,TRUE,18872,FALSE,0,FALSE,0
391,81,157914,FALSE,0,FALSE,0,FALSE,0
392,54,164234,TRUE,22392,TRUE,297,FALSE,0
393,52,124042,TRUE,63577,FALSE,0,FALSE,0
394,78,26573,FALSE,0,TRUE,6653,TRUE,384.931344
395,42,21012,TRUE,40027,FALSE,0,FALSE,0
396,49,162286,TRUE,54194,FALSE,0,FALSE,0
397,58,156061,TRUE,57051,TRUE,4993,FALSE,0
398,54,161889,FALSE,0,TRUE,2696,FALSE,0
399,58,176040,TRUE,5756,TRUE,3958,FALSE,0
400,34,175702,FALSE,0,TRUE,8121,FALSE,0
401,58,21787,FALSE,0,TRUE,8514,FALSE,0
402,49,91586,TRUE,19837,TRUE,1606,FALSE,0
403,43,28712,TRUE,16532,FALSE,0,FALSE,0
404,81,44027,TRUE,17131,TRUE,1961,FALSE,0
405,70,114227,TRUE,67978,TRUE,5392,FALSE,0
406,66,156386,TRUE,69576,TRUE,590,FALSE,0
407,54,140830,TRUE,69460,TRUE,800,FALSE,0
408,32,54863,TRUE,54672,TRUE,5693,FALSE,0
409,61,123361,FALSE,0,TRUE,8054,FALSE,0
410,67,67241,FALSE,0,FALSE,0,FALSE,0
411,72,197697,FALSE,0,FALSE,0,FALSE,0
412,68,130841,FALSE,0,FALSE,0,FALSE,0
413,81,150970,FALSE,0,TRUE,3496,FALSE,0
414,57,56444,TRUE,41512,TRUE,1683,FALSE,0
415,43,35142,TRUE,46535,TRUE,9770,FALSE,0
416,19,64350,TRUE,59179,TRUE,1538,FALSE,0
417,31,92245,FALSE,0,TRUE,4917,FALSE,0
418,51,158407,FALSE,0,TRUE,9258,FALSE,0
419,73,57696,TRUE,34559,TRUE,101,FALSE,0
420,46,46450,TRUE,56734,FALSE,0,FALSE,0
421,72,84308,FALSE,0,TRUE,667,FALSE,0
422,83,163571,TRUE,57459,FALSE,0,FALSE,0
423,45,121985,TRUE,63512,TRUE,395,FALSE,0
424,44,117361,FALSE,0,TRUE,233,FALSE,0
425,63,48671,TRUE,19734,FALSE,0,FALSE,0
426,43,68159,FALSE,0,TRUE,7676,FALSE,0
427,67,59344,TRUE,44230,TRUE,8121,TRUE,1176.269266
428,29,43239,FALSE,0,TRUE,4376,FALSE,0
429,74,56158,FALSE,0,FALSE,0,FALSE,0
430,76,79152,FALSE,0,FALSE,0,TRUE,347.2815371
431,55,85133,TRUE,9813,TRUE,1767,FALSE,0
432,75,47980,TRUE,51963,TRUE,5282,FALSE,0
433,24,163111,TRUE,37633,TRUE,7137,FALSE,0
434,66,126642,FALSE,0,FALSE,0,FALSE,0
435,40,90540,TRUE,29011,FALSE,0,FALSE,0
436,84,145809,TRUE,38079,TRUE,1723,FALSE,0
437,71,70994,TRUE,46473,FALSE,0,TRUE,116.5596706
438,75,169146,FALSE,0,FALSE,0,FALSE,0
439,32,111091,TRUE,69994,TRUE,8557,FALSE,0
440,59,195815,FALSE,0,FALSE,0,FALSE,0
441,54,159948,FALSE,0,TRUE,5398,FALSE,0
442,55,95498,TRUE,5081,TRUE,9135,TRUE,511.8329962
443,46,60380,TRUE,1070,FALSE,0,FALSE,0
444,74,127933,TRUE,46039,TRUE,8491,FALSE,0
445,28,144113,FALSE,0,FALSE,0,FALSE,0
446,29,29328,FALSE,0,FALSE,0,FALSE,0
447,73,97304,FALSE,0,FALSE,0,FALSE,0
448,84,175831,FALSE,0,FALSE,0,FALSE,0
449,63,118667,FALSE,0,TRUE,6842,TRUE,2593.041975
450,75,186011,TRUE,64962,FALSE,0,FALSE,0
451,34,140437,TRUE,7490,FALSE,0,TRUE,1143.930932
452,40,49902,TRUE,32484,TRUE,8633,TRUE,84.66144369
453,35,175996,FALSE,0,FALSE,0,FALSE,0
454,47,84869,FALSE,0,FALSE,0,FALSE,0
455,44,179899,FALSE,0,FALSE,0,FALSE,0
456,48,137238,FALSE,0,FALSE,0,FALSE,0
457,29,29671,TRUE,37187,TRUE,7438,TRUE,30.19445587
458,30,180098,TRUE,16327,TRUE,482,FALSE,0
459,49,128222,TRUE,13909,TRUE,475,TRUE,589.246324
460,24,76162,FALSE,0,TRUE,6901,FALSE,0
461,70,22166,TRUE,53837,TRUE,9646,FALSE,0
462,46,133918,FALSE,0,FALSE,0,TRUE,52.68909665
463,41,90052,TRUE,52554,FALSE,0,FALSE,0
464,32,178955,FALSE,0,TRUE,3623,FALSE,0
465,60,73026,TRUE,33602,FALSE,0,TRUE,1072.911279
466,73,93946,TRUE,4536,FALSE,0,FALSE,0
467,56,41254,TRUE,49759,FALSE,0,FALSE,0
468,52,132188,FALSE,0,FALSE,0,FALSE,0
469,70,38986,FALSE,0,TRUE,6146,FALSE,0
470,81,61689,FALSE,0,TRUE,9830,TRUE,644.2739211
471,53,130032,TRUE,21216,TRUE,8917,FALSE,0
472,40,59130,FALSE,0,TRUE,3616,FALSE,0
473,26,121367,TRUE,53722,TRUE,7650,FALSE,0
474,52,100778,FALSE,0,TRUE,418,TRUE,104.1741576
475,58,75204,TRUE,35008,FALSE,0,FALSE,0
476,42,146850,FALSE,0,FALSE,0,FALSE,0
477,23,58891,TRUE,16802,TRUE,5705,FALSE,0
478,47,181088,TRUE,13166,FALSE,0,FALSE,0
479,48,65796,TRUE,51887,TRUE,7781,FALSE,0
480,31,181936,TRUE,42378,FALSE,0,FALSE,0
481,75,107365,TRUE,3793,TRUE,9429,FALSE,0
482,27,154118,FALSE,0,FALSE,0,FALSE,0
483,37,97960,FALSE,0,FALSE,0,FALSE,0
484,53,141304,FALSE,0,TRUE,9472,TRUE,2.308736009
485,37,142368,FALSE,0,TRUE,230,FALSE,0
486,68,106989,TRUE,4742,FALSE,0,FALSE,0
487,85,133079,FALSE,0,TRUE,2548,FALSE,0
488,61,30321,FALSE,0,FALSE,0,FALSE,0
489,61,131093,FALSE,0,TRUE,4861,FALSE,0
490,80,137229,FALSE,0,FALSE,0,FALSE,0
491,66,60447,FALSE,0,FALSE,0,FALSE,0
492,70,24793,FALSE,0,TRUE,6975,FALSE,0
493,33,164319,TRUE,22151,TRUE,5190,FALSE,0
494,44,33118,FALSE,0,FALSE,0,FALSE,0
495,28,132801,FALSE,0,FALSE,0,FALSE,0
496,53,58712,TRUE,59618,TRUE,2745,FALSE,0
497,29,132906,FALSE,0,TRUE,3547,FALSE,0
498,69,84099,TRUE,18093,FALSE,0,TRUE,933.4233503
499,58,35069,TRUE,27191,TRUE,9446,TRUE,773.1926266
500,42,105818,FALSE,0,TRUE,7980,FALSE,0
501,35,112514,TRUE,62497,TRUE,1343,FALSE,0
502,76,91742,FALSE,0,TRUE,2681,FALSE,0
503,26,40404,TRUE,20703,TRUE,3442,FALSE,0
504,80,21034,FALSE,0,FALSE,0,TRUE,193.1021821
505,71,65942,FALSE,0,TRUE,3907,FALSE,0
506,30,132461,FALSE,0,FALSE,0,FALSE,0
507,30,158598,FALSE,0,FALSE,0,FALSE,0
508,52,138116,FALSE,0,TRUE,157,FALSE,0
509,39,107222,FALSE,0,FALSE,0,FALSE,0
510,41,178400,TRUE,40750,TRUE,9441,TRUE,3403.614805
511,47,153580,TRUE,59174,TRUE,9429,FALSE,0
512,32,42739,FALSE,0,FALSE,0,FALSE,0
513,59,84108,FALSE,0,TRUE,2759,FALSE,0
514,78,67960,FALSE,0,TRUE,7413,FALSE,0
515,85,156430,TRUE,67270,TRUE,9808,FALSE,0
516,78,160163,FALSE,0,TRUE,2823,FALSE,0
517,53,99702,TRUE,11155,FALSE,0,FALSE,0
518,32,112944,FALSE,0,TRUE,9502,TRUE,486.9291565
519,76,49662,FALSE,0,FALSE,0,FALSE,0
520,84,143379,FALSE,0,TRUE,1788,FALSE,0
521,25,91697,TRUE,14996,TRUE,1079,TRUE,1942.106715
522,67,115650,TRUE,67955,FALSE,0,FALSE,0
523,26,189008,FALSE,0,FALSE,0,FALSE,0
524,75,69535,FALSE,0,TRUE,1344,FALSE,0
525,31,71862,FALSE,0,TRUE,3172,FALSE,0
526,46,190662,FALSE,0,FALSE,0,TRUE,3727.648924
527,29,163426,FALSE,0,FALSE,0,FALSE,0
528,38,42736,FALSE,0,FALSE,0,FALSE,0
529,23,174451,FALSE,0,FALSE,0,FALSE,0
530,72,171031,TRUE,58304,FALSE,0,FALSE,0
531,82,147950,TRUE,2662,FALSE,0,FALSE,0
532,29,43988,FALSE,0,TRUE,6467,TRUE,455.0362827
533,38,147629,FALSE,0,TRUE,7881,FALSE,0
534,84,70277,FALSE,0,FALSE,0,FALSE,0
535,21,69143,TRUE,18960,TRUE,900,FALSE,0
536,81,96896,TRUE,56048,TRUE,7972,FALSE,0
537,28,160091,TRUE,16892,FALSE,0,FALSE,0
538,26,30969,FALSE,0,TRUE,344,TRUE,580.1820116
539,65,65001,FALSE,0,TRUE,7422,FALSE,0
540,19,59357,TRUE,13101,FALSE,0,TRUE,611.4423175
541,49,76428,TRUE,17940,FALSE,0,FALSE,0
542,35,154434,TRUE,41395,FALSE,0,FALSE,0
543,57,61440,FALSE,0,FALSE,0,FALSE,0
544,75,64768,FALSE,0,FALSE,0,FALSE,0
545,58,167889,TRUE,45512,TRUE,2245,TRUE,2092.304524
546,79,165765,FALSE,0,FALSE,0,FALSE,0
547,29,96781,FALSE,0,TRUE,3459,FALSE,0
548,41,134227,TRUE,25646,FALSE,0,FALSE,0
549,53,154982,FALSE,0,FALSE,0,TRUE,2450.208916
550,29,79894,FALSE,0,TRUE,5084,FALSE,0
551,39,109273,FALSE,0,FALSE,0,FALSE,0
552,79,186460,FALSE,0,TRUE,7703,TRUE,1402.473389
553,54,44926,TRUE,11226,FALSE,0,FALSE,0
554,64,195476,TRUE,64047,TRUE,4257,FALSE,0
555,32,65991,TRUE,19899,TRUE,2524,FALSE,0
556,41,135270,TRUE,7336,FALSE,0,TRUE,2981.57443
557,55,62258,TRUE,26139,FALSE,0,TRUE,772.7271517
558,78,84437,TRUE,59012,FALSE,0,FALSE,0
559,54,185710,TRUE,30909,TRUE,8011,FALSE,0
560,53,73555,FALSE,0,FALSE,0,TRUE,1192.178933
561,80,112400,FALSE,0,TRUE,3039,FALSE,0
562,63,61783,FALSE,0,FALSE,0,FALSE,0
563,30,24291,FALSE,0,FALSE,0,TRUE,208.9217131
564,45,71173,FALSE,0,FALSE,0,FALSE,0
565,71,113247,TRUE,20531,FALSE,0,FALSE,0
566,79,178307,TRUE,19045,FALSE,0,FALSE,0
567,52,73207,TRUE,52748,FALSE,0,FALSE,0
568,24,93856,FALSE,0,FALSE,0,FALSE,0
569,42,124897,FALSE,0,FALSE,0,FALSE,0
570,81,156465,FALSE,0,TRUE,3078,TRUE,3463.244303
571,78,84151,FALSE,0,TRUE,4038,FALSE,0
572,40,171948,FALSE,0,TRUE,413,FALSE,0
573,32,148896,FALSE,0,FALSE,0,FALSE,0
574,83,156002,TRUE,38005,TRUE,8564,TRUE,91.20756698
575,34,28838,FALSE,0,TRUE,1727,FALSE,0
576,26,93440,FALSE,0,FALSE,0,FALSE,0
577,70,161263,TRUE,11671,TRUE,8641,FALSE,0
578,23,117450,TRUE,5005,TRUE,6591,TRUE,1648.29638
579,23,75212,FALSE,0,FALSE,0,FALSE,0
580,73,92926,TRUE,19357,FALSE,0,FALSE,0
581,82,49466,TRUE,23741,FALSE,0,FALSE,0
582,65,120039,TRUE,67127,TRUE,7759,FALSE,0
583,35,159210,TRUE,39651,FALSE,0,TRUE,453.7855718
584,28,194766,FALSE,0,FALSE,0,FALSE,0
585,25,117581,FALSE,0,TRUE,1031,FALSE,0
586,21,166796,FALSE,0,FALSE,0,FALSE,0
587,23,37976,FALSE,0,FALSE,0,FALSE,0
588,22,130017,FALSE,0,FALSE,0,FALSE,0
589,31,85222,FALSE,0,TRUE,7355,FALSE,0
590,76,29736,FALSE,0,TRUE,863,FALSE,0
591,68,138086,TRUE,66359,TRUE,2328,FALSE,0
592,64,162078,FALSE,0,TRUE,6626,FALSE,0
593,23,77153,FALSE,0,FALSE,0,FALSE,0
594,56,136836,FALSE,0,FALSE,0,FALSE,0
595,56,159053,TRUE,67512,FALSE,0,FALSE,0
596,79,189185,FALSE,0,TRUE,5094,FALSE,0
597,19,115484,TRUE,13963,FALSE,0,FALSE,0
598,61,143701,TRUE,51246,FALSE,0,FALSE,0
599,78,40751,TRUE,45498,FALSE,0,FALSE,0
600,82,81412,TRUE,6191,TRUE,6697,FALSE,0
601,65,65395,FALSE,0,TRUE,6192,FALSE,0
602,26,40479,TRUE,39650,FALSE,0,FALSE,0
603,75,40092,TRUE,19216,FALSE,0,FALSE,0
604,21,132482,FALSE,0,TRUE,3322,FALSE,0
605,78,56002,FALSE,0,TRUE,3107,FALSE,0
606,48,131943,TRUE,37281,FALSE,0,FALSE,0
607,41,32864,FALSE,0,TRUE,8075,TRUE,497.7718852
608,80,20613,TRUE,93,TRUE,8711,TRUE,221.8893869
609,39,40672,TRUE,50553,FALSE,0,FALSE,0
610,84,188282,FALSE,0,TRUE,2051,FALSE,0
611,65,133728,FALSE,0,TRUE,7677,FALSE,0
612,39,88496,FALSE,0,TRUE,3499,TRUE,644.7420417
613,37,34221,FALSE,0,TRUE,4401,FALSE,0
614,70,172432,FALSE,0,TRUE,3958,TRUE,3354.565164
615,71,54736,TRUE,41475,FALSE,0,FALSE,0
616,63,104974,FALSE,0,FALSE,0,FALSE,0
617,40,91180,FALSE,0,FALSE,0,FALSE,0
618,47,159926,FALSE,0,TRUE,8579,FALSE,0
619,71,139142,FALSE,0,TRUE,6550,FALSE,0
620,51,20679,TRUE,39280,FALSE,0,FALSE,0
621,60,59493,FALSE,0,TRUE,1782,TRUE,793.4783383
622,76,144259,TRUE,27810,FALSE,0,FALSE,0
623,60,161650,FALSE,0,TRUE,4031,FALSE,0
624,24,83895,FALSE,0,TRUE,611,FALSE,0
625,55,34692,TRUE,47216,FALSE,0,FALSE,0
626,58,166379,FALSE,0,FALSE,0,TRUE,3337.644674
627,68,55769,FALSE,0,FALSE,0,FALSE,0
628,30,62784,FALSE,0,TRUE,4066,FALSE,0
629,24,80960,FALSE,0,FALSE,0,FALSE,0
630,84,34247,FALSE,0,TRUE,1894,FALSE,0
631,30,171315,TRUE,70,TRUE,99,FALSE,0
632,36,21913,TRUE,34899,TRUE,6157,FALSE,0
633,77,167596,FALSE,0,FALSE,0,FALSE,0
634,76,104805,FALSE,0,FALSE,0,TRUE,86.77233489
635,61,50035,TRUE,23083,TRUE,2454,FALSE,0
636,42,94185,FALSE,0,FALSE,0,FALSE,0
637,47,167792,FALSE,0,TRUE,2038,FALSE,0
638,72,26954,TRUE,46733,TRUE,6073,FALSE,0
639,45,199542,TRUE,19123,FALSE,0,TRUE,2634.422301
640,56,76772,FALSE,0,TRUE,4972,FALSE,0
641,63,115051,FALSE,0,TRUE,1288,FALSE,0
642,24,146867,TRUE,36962,TRUE,9304,FALSE,0
643,39,49937,TRUE,38571,FALSE,0,FALSE,0
644,57,152525,FALSE,0,TRUE,5609,FALSE,0
645,32,93324,TRUE,61993,TRUE,1679,FALSE,0
646,50,98997,TRUE,35415,FALSE,0,FALSE,0
647,82,21776,FALSE,0,FALSE,0,FALSE,0
648,30,79225,TRUE,59779,TRUE,3551,FALSE,0
649,71,49037,TRUE,4551,TRUE,7973,FALSE,0
650,64,162954,TRUE,13221,FALSE,0,FALSE,0
651,18,141378,FALSE,0,TRUE,3886,FALSE,0
652,76,38327,TRUE,28787,TRUE,7578,FALSE,0
653,56,85879,FALSE,0,FALSE,0,TRUE,1657.346485
654,24,119478,TRUE,44971,FALSE,0,FALSE,0
655,37,182815,FALSE,0,FALSE,0,FALSE,0
656,32,149806,TRUE,52109,FALSE,0,FALSE,0
657,70,114020,TRUE,46116,FALSE,0,FALSE,0
658,69,143093,FALSE,0,FALSE,0,TRUE,556.1670651
659,76,132419,TRUE,65893,FALSE,0,FALSE,0
660,49,28569,FALSE,0,FALSE,0,FALSE,0
661,32,161358,TRUE,29397,TRUE,4040,FALSE,0
662,20,123252,TRUE,8092,FALSE,0,TRUE,2652.250382
663,81,98798,FALSE,0,TRUE,1651,FALSE,0
664,41,165153,TRUE,44844,TRUE,1898,FALSE,0
665,18,190844,TRUE,30486,TRUE,8679,FALSE,0
666,58,122592,FALSE,0,FALSE,0,FALSE,0
667,32,76477,TRUE,27985,TRUE,2733,FALSE,0
668,26,197666,FALSE,0,TRUE,4202,FALSE,0
669,22,55768,TRUE,8872,TRUE,2120,TRUE,318.6036379
670,22,148262,FALSE,0,TRUE,7828,FALSE,0
671,83,66706,FALSE,0,TRUE,5459,FALSE,0
672,67,143491,FALSE,0,FALSE,0,TRUE,1774.429121
673,58,30366,FALSE,0,FALSE,0,FALSE,0
674,46,76724,FALSE,0,FALSE,0,FALSE,0
675,49,66089,FALSE,0,TRUE,6195,FALSE,0
676,27,184431,FALSE,0,FALSE,0,TRUE,3544.684897
677,57,174913,TRUE,68993,FALSE,0,FALSE,0
678,40,32161,TRUE,8078,TRUE,4172,TRUE,484.3905962
679,21,153347,FALSE,0,FALSE,0,FALSE,0
680,40,166776,TRUE,13559,TRUE,1157,FALSE,0
681,82,160918,FALSE,0,TRUE,8385,FALSE,0
682,25,184096,TRUE,59680,TRUE,945,TRUE,3740.574194
683,63,152272,FALSE,0,TRUE,9203,FALSE,0
684,26,183747,TRUE,66627,FALSE,0,FALSE,0
685,33,50227,TRUE,47855,TRUE,4318,FALSE,0
686,52,174558,FALSE,0,FALSE,0,TRUE,2046.877553
687,46,182781,TRUE,31071,TRUE,5105,FALSE,0
688,76,125706,TRUE,12190,FALSE,0,FALSE,0
689,34,117171,FALSE,0,FALSE,0,FALSE,0
690,33,102902,TRUE,25170,TRUE,1599,FALSE,0
691,59,143394,TRUE,56778,FALSE,0,FALSE,0
692,39,62401,FALSE,0,FALSE,0,FALSE,0
693,51,122761,FALSE,0,TRUE,4169,FALSE,0
694,63,23713,TRUE,29239,TRUE,6752,FALSE,0
695,37,108269,FALSE,0,TRUE,1104,FALSE,0
696,68,153004,TRUE,49871,TRUE,4986,FALSE,0
697,24,79897,TRUE,56625,FALSE,0,FALSE,0
698,56,153405,FALSE,0,FALSE,0,FALSE,0
699,42,136906,FALSE,0,FALSE,0,FALSE,0
700,63,22917,TRUE,8143,FALSE,0,FALSE,0
701,21,97709,FALSE,0,TRUE,9247,FALSE,0
702,76,37998,TRUE,9722,FALSE,0,FALSE,0
703,35,23371,TRUE,9999,TRUE,7085,FALSE,0
704,49,126441,TRUE,26512,FALSE,0,FALSE,0
705,67,156180,TRUE,7220,FALSE,0,FALSE,0
706,58,77032,TRUE,62520,TRUE,1266,FALSE,0
707,22,127606,TRUE,19502,TRUE,8234,TRUE,2366.492844
708,41,185374,TRUE,18088,FALSE,0,TRUE,2818.866701
709,32,109828,FALSE,0,FALSE,0,FALSE,0
710,51,73870,TRUE,24319,FALSE,0,FALSE,0
711,32,187641,TRUE,54749,FALSE,0,FALSE,0
712,23,106746,FALSE,0,TRUE,3361,FALSE,0
713,22,155921,FALSE,0,FALSE,0,FALSE,0
714,39,56500,TRUE,63791,TRUE,3132,FALSE,0
715,40,29347,TRUE,8578,FALSE,0,FALSE,0
716,69,84186,FALSE,0,TRUE,6273,FALSE,0
717,25,78087,FALSE,0,TRUE,6976,FALSE,0
718,36,159562,TRUE,61557,TRUE,3584,FALSE,0
719,82,178624,FALSE,0,FALSE,0,FALSE,0
720,22,32084,FALSE,0,TRUE,7656,FALSE,0
721,44,154154,FALSE,0,TRUE,8012,FALSE,0
722,64,151296,TRUE,69685,FALSE,0,FALSE,0
723,75,84693,TRUE,46142,TRUE,2489,TRUE,1243.909162
724,61,70667,FALSE,0,TRUE,8891,FALSE,0
725,36,87088,TRUE,35462,TRUE,5961,FALSE,0
726,31,86019,TRUE,46159,TRUE,4010,FALSE,0
727,52,93641,TRUE,32335,TRUE,8443,FALSE,0
728,18,134352,FALSE,0,FALSE,0,FALSE,0
729,48,137210,FALSE,0,TRUE,3051,FALSE,0
730,34,129123,TRUE,48182,TRUE,3225,FALSE,0
731,77,181551,TRUE,43432,FALSE,0,FALSE,0
732,65,81563,FALSE,0,TRUE,5530,TRUE,277.1990598
733,66,175110,TRUE,10176,FALSE,0,FALSE,0
734,22,60594,TRUE,57029,FALSE,0,FALSE,0
735,28,187632,FALSE,0,FALSE,0,FALSE,0
736,73,172672,TRUE,32443,FALSE,0,FALSE,0
737,81,160393,FALSE,0,FALSE,0,FALSE,0
738,62,190209,FALSE,0,FALSE,0,TRUE,4325.031653
739,67,62439,TRUE,15784,FALSE,0,TRUE,676.3563734
740,64,90797,FALSE,0,FALSE,0,FALSE,0
741,30,142965,FALSE,0,FALSE,0,FALSE,0
742,51,189595,FALSE,0,FALSE,0,FALSE,0
743,75,88121,FALSE,0,TRUE,9485,FALSE,0
744,18,119563,FALSE,0,TRUE,2352,FALSE,0
745,44,130126,TRUE,39670,TRUE,5025,FALSE,0
746,74,35526,TRUE,5216,TRUE,3709,FALSE,0
747,22,144914,TRUE,6767,TRUE,4323,FALSE,0
748,45,90961,TRUE,35807,FALSE,0,FALSE,0
749,34,189650,TRUE,38003,FALSE,0,FALSE,0
750,61,123508,FALSE,0,TRUE,920,FALSE,0
751,50,47203,TRUE,14315,TRUE,3112,FALSE,0
752,38,81134,TRUE,68042,TRUE,3887,FALSE,0
753,49,196020,TRUE,58696,FALSE,0,FALSE,0
754,57,59888,FALSE,0,FALSE,0,FALSE,0
755,80,193841,TRUE,4255,TRUE,6529,FALSE,0
756,20,148258,FALSE,0,FALSE,0,TRUE,1344.954218
757,61,180196,TRUE,11192,TRUE,4459,FALSE,0
758,38,181158,TRUE,131,FALSE,0,FALSE,0
759,33,24397,FALSE,0,FALSE,0,FALSE,0
760,80,77678,FALSE,0,TRUE,510,TRUE,1476.642478
761,53,156267,FALSE,0,TRUE,2498,TRUE,936.1873437
762,76,123728,FALSE,0,FALSE,0,FALSE,0
763,79,113750,TRUE,60045,TRUE,3843,FALSE,0
764,25,30031,FALSE,0,FALSE,0,FALSE,0
765,82,118185,TRUE,33947,FALSE,0,FALSE,0
766,54,134632,TRUE,27186,TRUE,8226,FALSE,0
767,75,173366,FALSE,0,FALSE,0,FALSE,0
768,62,176972,TRUE,22196,FALSE,0,FALSE,0
769,61,88004,FALSE,0,FALSE,0,FALSE,0
770,33,65156,FALSE,0,TRUE,781,TRUE,1083.045387
771,42,55773,FALSE,0,TRUE,8345,FALSE,0
772,69,172432,FALSE,0,FALSE,0,FALSE,0
773,74,142606,TRUE,40364,FALSE,0,FALSE,0
774,20,42074,TRUE,34091,TRUE,6223,FALSE,0
775,55,189217,FALSE,0,TRUE,5493,FALSE,0
776,42,130537,FALSE,0,TRUE,8483,FALSE,0
777,82,66173,TRUE,47743,TRUE,2134,FALSE,0
778,83,130661,FALSE,0,FALSE,0,FALSE,0
779,23,35999,TRUE,35427,FALSE,0,FALSE,0
780,24,21325,TRUE,66511,FALSE,0,FALSE,0
781,46,142539,FALSE,0,FALSE,0,FALSE,0
782,26,129636,FALSE,0,TRUE,6534,FALSE,0
783,35,96658,FALSE,0,TRUE,1288,FALSE,0
784,25,110302,FALSE,0,TRUE,7624,FALSE,0
785,81,82052,FALSE,0,FALSE,0,FALSE,0
786,42,111316,FALSE,0,TRUE,6569,TRUE,2021.181924
787,18,156276,FALSE,0,TRUE,9532,FALSE,0
788,68,90215,TRUE,62141,TRUE,7227,FALSE,0
789,20,85325,TRUE,68242,TRUE,985,FALSE,0
790,48,108477,TRUE,61699,FALSE,0,TRUE,2302.778548
791,23,155938,TRUE,33110,TRUE,8976,TRUE,1629.081245
792,70,167211,FALSE,0,TRUE,2136,FALSE,0
793,60,171175,FALSE,0,FALSE,0,FALSE,0
794,23,159810,FALSE,0,TRUE,3479,FALSE,0
795,77,142580,TRUE,50516,TRUE,6397,FALSE,0
796,74,184552,FALSE,0,TRUE,3228,FALSE,0
797,58,54530,TRUE,19392,TRUE,9577,FALSE,0
798,36,108566,FALSE,0,FALSE,0,FALSE,0
799,85,72895,FALSE,0,TRUE,1228,FALSE,0
800,53,79150,TRUE,16341,TRUE,4973,FALSE,0
801,25,180490,TRUE,67636,TRUE,2612,TRUE,894.3327425
802,73,121094,FALSE,0,FALSE,0,FALSE,0
803,76,116122,FALSE,0,TRUE,20,FALSE,0
804,61,182631,TRUE,44794,TRUE,1257,FALSE,0
805,35,173555,TRUE,65303,TRUE,4332,FALSE,0
806,80,98243,TRUE,40789,FALSE,0,FALSE,0
807,79,185621,FALSE,0,FALSE,0,FALSE,0
808,49,89005,FALSE,0,FALSE,0,FALSE,0
809,34,115512,TRUE,25462,TRUE,4496,FALSE,0
810,82,36032,TRUE,55324,TRUE,16,FALSE,0
811,65,98499,FALSE,0,TRUE,7776,FALSE,0
812,70,152602,TRUE,58205,FALSE,0,TRUE,1446.13818
813,41,54634,FALSE,0,TRUE,612,FALSE,0
814,19,52833,FALSE,0,FALSE,0,TRUE,394.4336933
815,52,83353,TRUE,68884,TRUE,1374,FALSE,0
816,22,54287,FALSE,0,FALSE,0,FALSE,0
817,57,110882,TRUE,7208,FALSE,0,TRUE,375.3986366
818,26,133629,TRUE,62080,TRUE,3131,FALSE,0
819,31,118020,TRUE,14083,TRUE,2911,FALSE,0
820,35,187410,FALSE,0,TRUE,990,FALSE,0
821,60,179596,TRUE,48783,FALSE,0,FALSE,0
822,59,105483,TRUE,17548,TRUE,7044,FALSE,0
823,52,145032,FALSE,0,FALSE,0,FALSE,0
824,84,78865,FALSE,0,TRUE,2734,FALSE,0
825,25,138735,FALSE,0,TRUE,6640,FALSE,0
826,35,52803,TRUE,59424,TRUE,6979,FALSE,0
827,29,32090,TRUE,9251,TRUE,9308,FALSE,0
828,53,50156,TRUE,43915,TRUE,5525,FALSE,0
829,32,179286,FALSE,0,FALSE,0,FALSE,0
830,26,43104,FALSE,0,TRUE,5675,FALSE,0
831,69,85054,TRUE,50519,FALSE,0,FALSE,0
832,44,156034,FALSE,0,FALSE,0,FALSE,0
833,64,38991,FALSE,0,FALSE,0,TRUE,633.0997779
834,48,42511,TRUE,20180,TRUE,5876,FALSE,0
835,26,101005,TRUE,62001,FALSE,0,FALSE,0
836,24,43192,TRUE,57248,FALSE,0,FALSE,0
837,61,156730,TRUE,13966,TRUE,3833,FALSE,0
838,76,66548,TRUE,35669,FALSE,0,FALSE,0
839,77,83419,FALSE,0,FALSE,0,FALSE,0
840,56,118146,TRUE,12915,TRUE,2186,FALSE,0
841,54,58207,TRUE,62942,FALSE,0,FALSE,0
842,23,25423,TRUE,17792,FALSE,0,FALSE,0
843,55,57632,FALSE,0,TRUE,5953,FALSE,0
844,31,115951,FALSE,0,FALSE,0,FALSE,0
845,44,107756,FALSE,0,TRUE,9609,FALSE,0
846,50,100569,FALSE,0,FALSE,0,FALSE,0
847,39,86147,FALSE,0,TRUE,2595,TRUE,487.8947998
848,79,84583,FALSE,0,TRUE,5706,FALSE,0
849,85,127453,FALSE,0,TRUE,7260,FALSE,0
850,50,81391,FALSE,0,TRUE,3319,FALSE,0
851,33,135140,TRUE,40013,FALSE,0,FALSE,0
852,68,106739,TRUE,47531,TRUE,804,TRUE,76.62239194
853,57,119055,TRUE,60092,FALSE,0,FALSE,0
854,30,102611,TRUE,31890,FALSE,0,FALSE,0
855,69,66724,TRUE,20768,TRUE,3553,FALSE,0
856,62,108141,TRUE,59061,TRUE,7329,FALSE,0
857,54,158924,TRUE,1397,FALSE,0,FALSE,0
858,22,65096,FALSE,0,FALSE,0,TRUE,988.9633276
859,36,57334,TRUE,23143,FALSE,0,FALSE,0
860,56,24040,FALSE,0,TRUE,1974,FALSE,0
861,83,57927,FALSE,0,FALSE,0,FALSE,0
862,43,29621,TRUE,32311,FALSE,0,FALSE,0
863,64,101354,TRUE,35365,TRUE,7087,FALSE,0
864,58,115968,FALSE,0,TRUE,7841,FALSE,0
865,71,71890,TRUE,16974,FALSE,0,FALSE,0
866,32,68613,FALSE,0,FALSE,0,TRUE,307.7229361
867,53,150194,FALSE,0,TRUE,141,FALSE,0
868,20,74452,TRUE,68634,TRUE,7839,FALSE,0
869,71,104555,TRUE,42101,TRUE,7108,FALSE,0
870,28,173201,TRUE,52038,TRUE,8064,TRUE,1265.538067
871,48,80670,FALSE,0,TRUE,4108,FALSE,0
872,39,158624,TRUE,63322,FALSE,0,FALSE,0
873,81,41969,TRUE,28654,FALSE,0,FALSE,0
874,49,194412,FALSE,0,TRUE,3684,FALSE,0
875,85,46144,FALSE,0,TRUE,30,TRUE,1002.73913
876,64,156485,FALSE,0,FALSE,0,FALSE,0
877,61,116904,FALSE,0,FALSE,0,FALSE,0
878,56,33452,FALSE,0,TRUE,5165,FALSE,0
879,49,91941,TRUE,47584,TRUE,2737,FALSE,0
880,80,176669,TRUE,22695,TRUE,4922,TRUE,83.16744557
881,28,36625,FALSE,0,FALSE,0,FALSE,0
882,25,120596,FALSE,0,FALSE,0,FALSE,0
883,57,99981,TRUE,50345,FALSE,0,FALSE,0
884,46,33229,TRUE,68584,TRUE,3567,FALSE,0
885,36,153415,FALSE,0,TRUE,35,FALSE,0
886,19,43629,FALSE,0,FALSE,0,FALSE,0
887,19,174920,FALSE,0,FALSE,0,FALSE,0
888,84,72686,FALSE,0,TRUE,6432,FALSE,0
889,45,56760,FALSE,0,TRUE,1646,FALSE,0
890,77,65227,TRUE,52287,FALSE,0,FALSE,0
891,71,151516,TRUE,23753,FALSE,0,FALSE,0
892,70,50094,FALSE,0,FALSE,0,FALSE,0
893,64,192112,TRUE,52400,TRUE,9586,FALSE,0
894,82,87461,FALSE,0,TRUE,1611,FALSE,0
895,62,110821,FALSE,0,TRUE,9604,FALSE,0
896,60,39493,TRUE,46880,FALSE,0,FALSE,0
897,80,125356,TRUE,51694,FALSE,0,FALSE,0
898,41,96497,TRUE,60042,TRUE,5221,TRUE,2050.629664
899,21,75521,TRUE,5801,FALSE,0,FALSE,0
900,30,70888,FALSE,0,FALSE,0,FALSE,0
901,66,91864,TRUE,14714,FALSE,0,FALSE,0
902,60,83388,TRUE,49713,FALSE,0,FALSE,0
903,54,140218,TRUE,3244,TRUE,6356,FALSE,0
904,79,44551,FALSE,0,TRUE,7354,FALSE,0
905,56,80598,TRUE,60162,FALSE,0,FALSE,0
906,32,62999,FALSE,0,TRUE,8042,FALSE,0
907,52,136943,TRUE,18689,TRUE,9878,FALSE,0
908,61,48568,FALSE,0,FALSE,0,FALSE,0
909,79,134594,FALSE,0,FALSE,0,FALSE,0
910,29,70888,TRUE,24025,FALSE,0,FALSE,0
911,71,21365,FALSE,0,FALSE,0,FALSE,0
912,40,190552,FALSE,0,TRUE,7501,TRUE,723.1651192
913,71,123616,TRUE,12590,TRUE,9397,FALSE,0
914,18,61411,TRUE,47841,FALSE,0,FALSE,0
915,39,185414,TRUE,48912,TRUE,3928,FALSE,0
916,77,139398,TRUE,19234,FALSE,0,FALSE,0
917,64,29466,FALSE,0,FALSE,0,FALSE,0
918,71,190475,TRUE,4056,FALSE,0,TRUE,4176.747359
919,64,166081,TRUE,2971,FALSE,0,FALSE,0
920,85,84791,TRUE,5851,FALSE,0,TRUE,1023.063899
921,69,184390,FALSE,0,TRUE,3961,FALSE,0
922,35,39957,FALSE,0,FALSE,0,TRUE,793.0168115
923,52,132446,TRUE,18644,TRUE,7777,FALSE,0
924,32,42991,TRUE,51282,FALSE,0,FALSE,0
925,39,164452,FALSE,0,FALSE,0,FALSE,0
926,49,134404,FALSE,0,TRUE,3259,FALSE,0
927,46,137733,FALSE,0,FALSE,0,FALSE,0
928,24,40438,TRUE,42193,FALSE,0,FALSE,0
929,71,182225,TRUE,15660,TRUE,9565,FALSE,0
930,36,78224,TRUE,36488,TRUE,5401,FALSE,0
931,59,30107,TRUE,49074,TRUE,3551,FALSE,0
932,73,93531,FALSE,0,TRUE,3023,FALSE,0
933,78,23906,FALSE,0,TRUE,6217,FALSE,0
934,84,156655,FALSE,0,FALSE,0,TRUE,3317.186296
935,66,32395,TRUE,68459,TRUE,2842,FALSE,0
936,40,73164,FALSE,0,FALSE,0,FALSE,0
937,85,180668,FALSE,0,FALSE,0,FALSE,0
938,52,61753,FALSE,0,TRUE,1952,TRUE,857.3464657
939,61,81046,TRUE,64427,TRUE,8306,FALSE,0
940,80,36004,FALSE,0,FALSE,0,FALSE,0
941,85,31110,FALSE,0,TRUE,8031,TRUE,84.93341768
942,32,85742,TRUE,28239,TRUE,8632,FALSE,0
943,81,46302,FALSE,0,TRUE,6082,TRUE,993.7327411
944,29,101777,FALSE,0,FALSE,0,TRUE,1239.264701
945,85,58938,TRUE,37641,TRUE,5049,FALSE,0
946,52,126159,TRUE,56018,TRUE,7760,FALSE,0
947,80,98167,FALSE,0,TRUE,2376,FALSE,0
948,53,136464,TRUE,66897,TRUE,4196,FALSE,0
949,60,123850,TRUE,53894,TRUE,7728,FALSE,0
950,28,111745,FALSE,0,FALSE,0,FALSE,0
951,82,130907,FALSE,0,TRUE,8729,FALSE,0
952,71,110041,FALSE,0,FALSE,0,FALSE,0
953,71,116287,FALSE,0,TRUE,112,FALSE,0
954,28,21978,FALSE,0,TRUE,2219,FALSE,0
955,57,184906,FALSE,0,TRUE,5541,FALSE,0
956,59,69616,FALSE,0,FALSE,0,FALSE,0
957,50,78287,FALSE,0,FALSE,0,FALSE,0
958,27,26265,FALSE,0,FALSE,0,FALSE,0
959,36,78744,FALSE,0,FALSE,0,FALSE,0
960,19,26161,FALSE,0,FALSE,0,FALSE,0
961,51,190153,FALSE,0,TRUE,3229,FALSE,0
962,34,181256,TRUE,44264,FALSE,0,TRUE,2943.130856
963,41,161512,TRUE,14243,TRUE,5743,FALSE,0
964,62,95203,TRUE,44310,FALSE,0,FALSE,0
965,56,88410,FALSE,0,TRUE,2933,FALSE,0
966,33,91839,TRUE,43500,FALSE,0,TRUE,1054.736291
967,75,171300,TRUE,7668,TRUE,486,FALSE,0
968,63,45016,TRUE,356,FALSE,0,FALSE,0
969,79,126745,FALSE,0,FALSE,0,FALSE,0
970,26,156154,TRUE,26916,TRUE,2894,FALSE,0
971,82,93899,FALSE,0,TRUE,5465,FALSE,0
972,54,25253,TRUE,2665,FALSE,0,FALSE,0
973,23,75155,FALSE,0,TRUE,681,TRUE,1438.188269
974,29,106841,FALSE,0,TRUE,3977,FALSE,0
975,82,114572,FALSE,0,TRUE,8113,FALSE,0
976,73,94763,TRUE,47261,FALSE,0,FALSE,0
977,41,81125,FALSE,0,FALSE,0,FALSE,0
978,22,186578,FALSE,0,FALSE,0,FALSE,0
979,42,101222,TRUE,18759,TRUE,3966,FALSE,0
980,55,129101,FALSE,0,TRUE,6139,FALSE,0
981,79,101627,TRUE,64057,FALSE,0,TRUE,1671.816232
982,49,67148,FALSE,0,TRUE,4298,FALSE,0
983,50,183262,TRUE,41526,TRUE,3205,FALSE,0
984,56,176169,FALSE,0,TRUE,8965,FALSE,0
985,68,95922,TRUE,30567,TRUE,7923,FALSE,0
986,67,37430,TRUE,33083,FALSE,0,TRUE,675.897807
987,46,196726,TRUE,62663,FALSE,0,TRUE,3623.603084
988,44,61680,TRUE,37026,TRUE,856,FALSE,0
989,71,82769,TRUE,18458,FALSE,0,FALSE,0
990,62,111335,TRUE,28445,TRUE,664,FALSE,0
991,78,33115,FALSE,0,FALSE,0,FALSE,0
992,53,33832,TRUE,39008,FALSE,0,FALSE,0
993,62,163163,TRUE,24642,FALSE,0,FALSE,0
994,69,183629,TRUE,60874,TRUE,9815,FALSE,0
995,75,187279,TRUE,55415,TRUE,6796,FALSE,0
996,34,97356,TRUE,52828,FALSE,0,FALSE,0
997,28,32190,TRUE,58045,TRUE,7601,FALSE,0
998,29,91584,FALSE,0,TRUE,111,FALSE,0
999,51,89011,FALSE,0,FALSE,0,FALSE,0
1000,18,36682,TRUE,45608,FALSE,0,FALSE,0
